"","gene_id","baseMean","log2FoldChange","lfcSE","stat","pvalue","padj","AC166Pp","AC170Pp","AC174Pp","AC179Pp","AC183Pp","AC184Pp","AC169A","AC170A","AC174A","AC179A","AC183A","AC184A"
"1","LOC101849343",206.504095896364,1.65365966958957,0.196064042491505,8.43428325038852,3.33238738791724e-17,5.48044429816869e-13,160.578493477605,72.1664106352768,98.2876725549419,282.044007858498,266.239456596927,367.38664953563,90.8190338487201,73.2659100443093,103.477966888426,273.222288474513,351.599544074993,338.961716766528
"2","LOC101858654",270.487766783789,-1.24763261578091,0.173362873490809,-7.19665399320373,6.17080889866544e-13,5.0742561573726e-09,242.528897045487,386.090296898731,480.907540715251,137.65543089115,164.773605059987,152.854299441832,335.245569392189,361.525228251428,475.463416823543,178.505228470015,181.861833142238,148.441855273618
"3","LOC101845418",12.3575486846814,-2.82215806815597,0.483095499379787,-5.84182231417835,5.1632862914283e-09,2.12288515872075e-05,31.0082608094686,10.8249615952915,29.4863017664826,2.24438202539919,3.46891800126289,4.46942396028747,24.6668980823684,10.8097244327669,23.1933374060265,3.64296384632684,3.30657878440432,1.16883350609148
"4","LOC101855544",566.152772106146,1.08102884277344,0.184587184475798,5.85646747819145,4.72816124849653e-09,2.12288515872075e-05,549.289191482016,397.636922600375,250.633565015102,806.481274460109,590.583289715008,879.582635384575,341.972905232835,297.867962147356,344.331855335624,816.023901577213,832.155660741755,687.274101581789
"5","LOC101851763",56.63388346177,-1.36462418898699,0.240494196921005,-5.67424996718415,1.39297606603647e-08,4.58177687640714e-05,117.38841592156,89.4863491877433,61.7808227488206,23.1919475957916,33.8219505123132,29.4981981378973,99.7888149695814,67.260507581661,53.5230863215996,30.3580320527237,40.7811383409866,32.7273381705614
"6","LOC101852892",27.661102112177,2.51421091960306,0.451171322610023,5.57263015977693,2.50921889118408e-08,6.03610192465388e-05,3.32231365815735,12.9899539143498,3.51027401981935,38.9026217735859,32.9547210119975,29.4981981378973,19.0607848818301,7.20648295517796,3.56820575477331,64.3590279517742,82.6644696101081,33.8961716766528
"7","LOC101858164",137.285918515352,2.01856599563163,0.362496211643203,5.56851611353794,2.56917873480342e-08,6.03610192465388e-05,52.0495806444652,82.2697081242156,31.5924661783742,171.321161272138,293.123571106715,313.753562012181,61.667245205921,27.6248513281822,70.4720636567728,263.507718217642,220.438585626955,59.6105088106653
"8","LOC106012897",99.1815714203957,1.2669789900952,0.22914872188692,5.52906854405421,3.21935547783065e-08,6.61819002355036e-05,46.5123912142029,40.413189955755,57.5684939250374,112.219101269959,86.7229500315724,146.597105897429,63.9096904861364,69.6626685667203,71.3641150954662,148.147196417292,136.671923088712,210.390031096466
"9","LOC101845459",729.681908972142,0.756728226566147,0.140125991350421,5.4003416444973,6.65141024788796e-08,0.000121543436596406,704.330495529359,445.988417726011,500.56507522624,928.426031173464,696.385288753526,1064.61678734048,528.095863490706,511.660289817635,566.452663570263,998.172093893555,969.929776758601,841.560124385864
"10","LOC101852961",49.8167241684731,-1.64005310621047,0.313121105716826,-5.23775969191189,1.6253750421038e-07,0.000243008344931265,63.1239595049897,80.82637991151,89.1609601034116,34.4138577227876,38.1580980138918,17.8776958411499,49.3337961647368,68.4615880741906,102.585915449733,29.1437107706147,16.5328939220216,8.18183454264034
"11","LOC101857128",620.689404019578,0.993918263602538,0.189349791447693,5.24911200589891,1.52834133573827e-07,0.000243008344931265,493.917297179393,360.832053176384,414.914389142647,484.038390144425,729.340009765524,793.769695347056,438.398052282093,383.144677116961,397.854941657224,790.523154652925,979.849513111814,1181.69067465848
"12","LOC101845921",189.870042144716,2.27329985764083,0.436648211931713,5.20625023879946,1.92694752732764e-07,0.000257827408361765,125.140481123927,114.74459291009,24.5719181387355,311.969101530487,479.577913674595,313.753562012181,66.1521357663517,21.6194488655339,38.3582118638131,320.580818476762,362.621473356341,99.3508480177756
"13","LOC101848864",1048.26824583637,1.23620791153513,0.237922890078584,5.19583429373618,2.03803740040311e-07,0.000257827408361765,862.694113234859,982.90651285247,685.907543472701,1651.117043352,1339.86957798779,1418.59516499524,393.549146677787,448.003023713563,373.769552812504,1420.75590006747,1615.81483264558,1386.23653822449
"14","LOC101847196",890.909707110035,0.56126549065241,0.111380381405318,5.03917730906253,4.67537195496255e-07,0.000549222622652244,798.462715843817,627.847772526908,860.719189659705,1034.66011370903,947.01461434477,1103.05383339895,759.067727352883,587.328360847004,683.311402039089,1079.53161979485,1146.28064526017,1063.63849054324
"15","LOC101851430",581.78816291075,1.42485405163813,0.284434450645719,5.00942852879968,5.45918951754015e-07,0.000598545538703102,488.380107749131,548.464720828104,284.332195605368,953.862360794655,676.439010246264,901.929755186012,154.728724334856,218.596649640398,198.927470828612,744.378945932785,932.455217202019,878.962796580791
"16","LOC101847529",115.449907775553,-1.07123950113576,0.214819174293625,-4.98670337346861,6.14182505526473e-07,0.000631302842868023,88.595030884196,204.230942097833,200.787673933667,74.0646068381732,71.1128190258893,62.5719354440246,119.970822491519,153.738303043796,169.489773351732,85.0024897476263,90.3798201070515,65.4546763411227
"17","LOC101857463",476.415186678248,1.52843384562863,0.307369336656942,4.97262954806235,6.60508038689146e-07,0.000638983247310688,259.140465336273,222.994208863005,183.23630383457,885.78277269088,894.980844325827,474.65282458253,195.092739378732,297.867962147356,314.002106420051,989.671844918792,789.170136544498,210.390031096466
"18","LOC101855128",30.0686405274897,-1.21323095271285,0.246120245883438,-4.92942361713484,8.24725720293437e-07,0.00075352439977477,40.9752017839407,54.1248079764576,40.0171238259406,23.1919475957916,18.2118195066302,11.6205022967474,34.7579018433373,40.8367367460084,41.034366179893,18.2148192316342,12.1241222094825,25.7143371340125
"19","LOC101861296",378.780066460584,-0.64355824424736,0.133612275967577,-4.81661014743533,1.46017576798384e-06,0.00126389740422433,420.826396699931,537.639759232812,464.760280224082,360.59737874747,260.168850094717,320.904640348641,532.580754051136,420.378172385381,396.070838779837,301.151677963019,238.073672477111,292.208376522869
"20","LOC101863527",747.14119527461,1.53043975892063,0.318540670981848,4.80453486270154,1.55111673563969e-06,0.00127548329171651,582.512328063589,274.954024520405,221.147263248619,1799.99438437015,977.36764685582,1036.01247399464,348.700241073481,526.073255727991,354.144421161251,1600.47544981959,781.454786047555,462.858068412225
"21","LOC101846912",227.798833627026,1.4412599420539,0.300901663927389,4.78980382907319,1.66944442026016e-06,0.00130741347312375,209.305760463913,115.466257016443,65.9931515726038,473.564607359229,248.027637090297,474.65282458253,161.456060175502,81.6734734920169,103.477966888426,309.651926937782,299.796476452659,190.519861492911
"22","LOC101850029",83.4011886142044,-1.48155293434582,0.310925043105269,-4.76498425327617,1.88868398781949e-06,0.00141187713016724,151.718990389186,116.909585229148,221.147263248619,54.6132959513803,49.4320815179962,63.4658202360821,70.6370263267823,81.6734734920169,95.449503940186,38.8582810274863,25.3504373470998,31.5585046644699
"23","LOC101849455",468.430186375618,0.667105220769042,0.14119136029424,4.72483032516159,2.30307569741059e-06,0.00164679925737455,475.090853116501,353.615412112856,344.70890874626,534.911049386807,470.038389171122,582.812884421487,294.881554348313,347.112262341072,355.928524038637,734.664375675913,549.994271139252,577.40375200919
"24","LOC101848162",17.4779023340076,-2.6650309470777,0.571115600255197,-4.66635992063053,3.0658248342307e-06,0.00201682220895032,25.4710713792064,3.60832053176384,32.294520982338,4.48876405079838,6.93783600252579,0.893884792057495,65.030913126244,32.4291732983008,22.3012859673332,4.85728512843579,4.4087717125391,7.01300103654886
"25","LOC101854511",145.17366612111,-0.676853065713914,0.144919888021285,-4.67053262982442,3.00419756280881e-06,0.00201682220895032,129.570232668137,174.64271373737,190.958906678173,114.463483295359,104.067540037887,124.249986095992,161.456060175502,223.400971610517,191.791059319065,106.860272825587,101.401749388399,119.221017621331
"26","LOC101859323",117.289366799858,-1.08603121157854,0.234878581621638,-4.62379840716175,3.76776057796215e-06,0.0023210682116694,174.975185996287,80.82637991151,162.174659715654,83.7902622815697,69.3783600252579,75.9802073248871,202.941297859486,111.700485805258,224.796962550718,69.21631308021,81.5622766819733,70.1300103654886
"27","LOC101863952",5.63200924671622,-5.94747197638598,1.28742692211008,-4.61965791940886,3.84373234135945e-06,0.0023210682116694,1.10743788605245,0.721664106352768,2.10616441189161,0,0,0,28.0305660026914,24.0216098505932,11.5966687030133,0,0,0
"28","LOC106011443",14.3526205266413,-5.06666696577506,1.09812968791785,-4.6139058268991,3.95171530625946e-06,0.0023210682116694,2.2148757721049,1.44332821270554,0.70205480396387,0.74812734179973,0.867229500315724,0,67.2733584064593,66.0594270891313,29.4376974768798,1.21432128210895,1.10219292813477,1.16883350609148
"29","LOC101850399",202.127092651117,1.00198267494748,0.219603967733775,4.56268019784679,5.05047139943773e-06,0.00286413974603976,201.553695261546,111.136272378326,104.606165790617,312.717228872287,180.38373606567,237.773354687294,137.910384733242,129.716693193203,123.995149978372,388.582810274863,206.110077561203,291.039543016778
"30","LOC101860268",73.0783569244935,-1.59428928381626,0.353323835792261,-4.51226077131586,6.41402605136248e-06,0.00351616908135691,148.396676731028,163.096088035726,43.52739784576,29.9250936719892,15.610131005683,39.3309308505298,95.3039244091507,138.124256640911,69.5800122180795,59.5017428233384,42.9855241972562,31.5585046644699
"31","LOC101858907",286.949565684393,1.03288093499203,0.230383893760967,4.48330357704471,7.34962544619886e-06,0.0038990948415544,295.685915576004,165.261080354784,159.366440499799,518.452247867213,406.730635648074,480.910018126932,180.516845057333,172.955590924271,158.785156087412,380.082561300101,311.920598662141,212.727698108649
"32","LOC101849513",85.4854589187158,1.16188240303343,0.263108612648191,4.41598012067741,1.00553325681646e-05,0.00516781248175108,60.9090837328848,70.7230824225713,56.8664391210735,149.625468359946,67.6439010246264,93.857903166037,25.7881207224761,45.6410587161271,55.3071891989863,165.147694366817,106.912714029073,127.402852163971
"33","LOC101860173",14.9912364584779,-4.03018942454621,0.923119417698311,-4.36583755825981,1.26636568403944e-05,0.00625506961699014,4.4297515442098,6.49497695717491,0.70205480396387,0,1.73445900063145,0.893884792057495,68.394581046567,62.4561856115423,26.7615431607998,1.21432128210895,3.30657878440432,3.50650051827443
"34","LOC101864661",15.016700818257,-1.55630826666383,0.356848307063505,-4.36126005324406,1.2931555817686e-05,0.00625506961699014,15.5041304047343,37.526533530344,21.0616441189161,8.22940075979703,7.80506550284151,9.83273271263244,22.4244528021531,22.8205293580635,15.1648744577866,6.07160641054474,4.4087717125391,9.35066804873182
"35","LOC101852339",12.6849476840009,-3.81592752295225,0.876708950281103,-4.35255910382657,1.34557580450948e-05,0.00632266848027511,2.2148757721049,5.77331285082215,2.80821921585548,3.74063670899865,0.867229500315724,2.68165437617248,29.151788642799,62.4561856115423,40.1423147411997,1.21432128210895,0,1.16883350609148
"36","LOC101854777",35.8857022926238,1.32871502659693,0.306408076555297,4.33642298706554,1.44820134528404e-05,0.00661586647903925,16.6115682907868,27.4232360414052,7.72260284360258,59.8501873439784,56.369917520522,41.1187004346448,26.9093433625837,30.0270123132415,15.1648744577866,58.2874215412295,58.416225191143,32.7273381705614
"37","LOC101845509",450.337986504782,0.943538362049123,0.219665181661184,4.29534783306922,1.74419642157994e-05,0.00735514214084712,259.140465336273,246.809124372647,238.698633347716,557.354869640799,315.671538114923,716.895603230111,404.761373078864,335.101457415775,364.849038425571,710.377950033734,518.030676223344,736.365108837631
"38","LOC101854960",41.3915607728619,1.12707232566391,0.262271956705546,4.2973421170197,1.72858298290354e-05,0.00735514214084712,26.5785092652588,33.1965488922273,18.9554797070245,42.6432584825846,48.5648520176805,68.8291289884271,12.3334490411842,40.8367367460084,24.0853888447198,70.430634362319,51.8030676223344,58.4416753045739
"39","LOC101861561",496.353996556306,0.437737458166332,0.101793535603505,4.30024810093404,1.70606999015364e-05,0.00735514214084712,477.305728888606,451.761730576833,464.760280224082,596.257491414385,588.848830714376,525.604257729807,390.185478757464,355.519825788779,388.042375831597,525.801115153174,619.432425611743,572.728417984824
"40","LOC100861465",170.178495573725,0.675350612332788,0.157537093590472,4.28693075986539,1.81158728513887e-05,0.00744834112284847,105.206599174983,127.012882718087,160.068495303762,249.87453216111,249.762096090928,193.972999876476,134.546716812919,103.292922357551,155.216950332639,193.077083855323,180.759640214103,189.351027986819
"41","LOC101850044",16.6528760975465,-2.09061754797716,0.490308716573457,-4.26388003580179,2.00907337249598e-05,0.00768400481024856,12.181816746577,16.5982744461137,14.0410960792774,5.23689139259811,8.67229500315723,7.15107833645996,44.8489056043062,57.6518636414237,16.9489773351732,7.28592769265369,2.20438585626955,7.01300103654886
"42","LOC101851144",92.0200183865537,-1.26376292954836,0.296072449732731,-4.26842460583272,1.96858340521344e-05,0.00768400481024856,74.1983383655142,94.5379979322126,193.767125894028,48.6282772169824,54.6354585198906,50.0575483552197,144.637720573888,67.260507581661,204.279779460772,41.2869235917042,57.3140322630083,73.6365108837631
"43","LOC101858468",25.9036169705787,1.60833306657423,0.376813544414473,4.26824643225977,1.97015610383124e-05,0.00768400481024856,14.3966925186819,18.763266765172,10.5308220594581,76.3089888635724,21.6807375078931,31.2859677220123,10.0910037609689,13.2118854178263,9.8125658256266,53.4301364127937,20.9416656345607,30.3896711583784
"44","LOC101846888",38.8753405132855,-1.48538958279318,0.349233743670061,-4.25328196291508,2.10660048551243e-05,0.00787389808744032,24.3636334931539,38.9698617430495,35.8047950021574,15.7106741777943,23.4151965085245,16.9838110490924,76.2431395273206,103.292922357551,65.1197550246129,24.286425642179,15.4307009938868,26.883170640104
"45","LOC106013121",9.47297862066912,-3.19940458302584,0.753393066838629,-4.24666050678049,2.16980355317145e-05,0.0079299087189906,4.4297515442098,6.49497695717491,4.21232882378322,0.74812734179973,2.60168850094717,0.893884792057495,30.2730112829067,40.8367367460084,16.0569258964799,4.85728512843579,1.10219292813477,1.16883350609148
"46","LOC101858399",414.715366475321,0.510647535162344,0.120747861380559,4.2290399956066,2.34690624674279e-05,0.00839070002911562,413.074331497564,318.975535007924,397.363019043551,484.786517486225,434.481979658177,531.861451274209,324.033342991112,269.042030326644,328.274929439144,485.728512843579,461.81883688847,527.143911247256
"47","LOC118479095",32.8914048868089,-5.25528742687962,1.24653047531197,-4.215931764977,2.48748971849558e-05,0.00870409700220816,1.10743788605245,7.21664106352768,6.31849323567483,5.23689139259811,0,0,169.304618656256,163.346946984034,37.4661604251197,2.4286425642179,1.10219292813477,1.16883350609148
"48","LOC101855789",17.4498545748843,-3.5763828487332,0.852022643978657,-4.19752089220622,2.69852769650846e-05,0.00924583052016212,1.10743788605245,3.60832053176384,4.91438362774709,2.24438202539919,1.73445900063145,0.893884792057495,59.4247999257057,90.0810369397245,33.8979546703464,3.64296384632684,5.51096464067387,2.33766701218295
"49","LOC101856472",698.273989274461,0.341241971582831,0.0814386862274811,4.19017038940985,2.7874505825754e-05,0.00935559434306838,730.909004794617,583.104597933037,629.743159155592,785.533708889716,741.481222769944,801.814658475573,577.429659655443,571.714314444118,603.918823995382,774.736977985509,795.783294113307,783.11844908129
"50","LOC101850728",85.3603293714488,0.787476912705667,0.189696671555881,4.15124264567654,3.30674955186146e-05,0.0104582313711372,74.1983383655142,76.4963952733934,70.9075352003509,133.166666840352,124.013818545148,92.9640183739795,52.6974640850598,43.2388977310678,57.0912920763729,105.645951543478,79.3578908257037,114.545683596965
"51","LOC101856460",9.68969200694863,-4.90010704985333,1.17943034261804,-4.15463878856663,3.25801813346126e-05,0.0104582313711372,0,2.88665642541107,2.10616441189161,0.74812734179973,1.73445900063145,0,35.879124483445,46.8421392086567,24.9774402834132,0,1.10219292813477,0
"52","LOC101860755",55.3135619025507,-1.08103736521666,0.260253560601265,-4.15378511140878,3.27020299046173e-05,0.0104582313711372,46.5123912142029,45.4648387002244,77.2260284360258,29.1769663301895,32.0874915116818,32.1798525140698,79.6068074476435,81.6734734920169,119.534892784906,34.0009958990505,41.8833312691214,44.4156732314761
"53","LOC101858131",65.8253728392584,1.12431593859626,0.27242982680288,4.12699281789644,3.6753786791269e-05,0.0111935699549854,55.3718943026225,52.6814797637521,55.4623295131458,92.0196630413667,84.1212615306252,102.796751086612,24.6668980823684,27.6248513281822,31.2218003542664,64.3590279517742,62.8249969036821,136.753520212703
"54","LOC101859183",14.9513727972467,-3.87896198354324,0.939470280946653,-4.12888205429406,3.64531326482569e-05,0.0111935699549854,1.10743788605245,1.44332821270554,2.80821921585548,2.99250936719892,1.73445900063145,1.78776958411499,52.6974640850598,67.260507581661,42.8184690572797,2.4286425642179,0,2.33766701218295
"55","LOC101845548",328.021450374403,0.547345072771825,0.133051439503529,4.11378542625469,3.89223252884275e-05,0.0116384829398814,253.603275906011,294.438955391929,332.773977078875,439.898876978241,413.6684716506,416.550313098793,257.881207224761,223.400971610517,235.501579815038,326.652424887307,333.964457224837,407.922893625926
"56","LOC101846268",44.7463768846569,-2.26982515586803,0.554088543531966,-4.09650259397048,4.19438790521937e-05,0.0121019128928487,18.8264440628917,18.763266765172,21.76369892288,18.7031835449932,13.0084425047359,16.9838110490924,87.4553659283971,227.004213088106,71.3641150954662,17.0004979495253,13.2263151376173,12.8571685670062
"57","LOC101849230",19.3578153477012,-2.57474802729092,0.628379518331353,-4.09744104029378,4.17742521841916e-05,0.0121019128928487,26.5785092652588,16.5982744461137,2.80821921585548,5.23689139259811,1.73445900063145,8.04496312851745,51.5762414449522,72.0648295517796,29.4376974768798,1.21432128210895,8.81754342507819,8.18183454264034
"58","LOC101852365",234.566900678108,-0.802451063192069,0.197237001488193,-4.06846107544433,4.73246647297824e-05,0.0134189902783793,249.173524361801,212.890911374067,303.287675312392,186.283708108133,191.657719569775,176.989188827384,479.883289966077,265.438788849055,280.104151749705,131.146698467766,152.102624082599,185.844527468545
"59","LOC101862537",1136.0573754374,0.641741758392826,0.15798675294207,4.06199726522728,4.86546472668693e-05,0.0135622767618802,1134.01639531771,845.068668539092,967.431519862214,1052.61516991222,1149.07908791833,1332.78222495773,722.06738022933,822.740137382817,831.391940862181,1834.83945726662,1510.00431154464,1430.65221145597
"60","LOC101846352",6.79056502936314,-4.69627844635786,1.15923182938244,-4.05119867081265,5.09559180001525e-05,0.01369450642073,1.10743788605245,2.1649923190583,2.10616441189161,0,0.867229500315724,0,20.1820075219378,42.0378172385381,10.7046172643199,1.21432128210895,1.10219292813477,0
"61","LOC101853183",23.9265251858956,-1.72662105940653,0.426569491298049,-4.04768998868725,5.17255926693177e-05,0.01369450642073,37.6528881257833,16.5982744461137,41.4212334338684,16.458801519594,9.53952450347296,18.7715806332074,65.030913126244,14.4129659103559,46.386674812053,7.28592769265369,7.71535049694342,5.84416753045739
"62","LOC101861744",65.1773524619588,-0.711747307432855,0.17598389874689,-4.04438879068436,5.24598020494946e-05,0.01369450642073,60.9090837328848,85.1563645496267,84.9486312796283,58.3539326603789,54.6354585198906,45.5881243949322,89.6978112086124,90.0810369397245,75.8243722889328,37.6439597453774,39.6789454128519,59.6105088106653
"63","LOC101863043",49.3277485954404,0.848400173946103,0.209264954342968,4.05419137958306,5.03080186254832e-05,0.01369450642073,26.5785092652588,29.5882283604635,31.5924661783742,65.0870787365765,63.3077535230478,76.8740921169446,34.7579018433373,44.4399782235974,45.4946233733597,48.5728512843579,48.4964888379301,77.1430114020375
"64","LOC101847866",3039.01182411929,-0.48855958808322,0.121713460341567,-4.01401444599606,5.9694690597454e-05,0.0143183845031236,3284.66077003157,3159.44545761242,4137.20895975909,3095.00281302548,2369.27099486256,2420.6400168917,3562.12432762202,3293.36271051633,3856.33836947125,2626.57693320165,2689.35074464885,1974.1597917885
"65","LOC101849541",15.58378114633,-1.68169409492981,0.417737702988543,-4.02571777193866,5.68017839953363e-05,0.0143183845031236,6.6446273163147,39.6915258494023,26.6780825506271,7.4812734179973,8.67229500315723,9.83273271263244,15.6971169615072,21.6194488655339,32.1138517929598,7.28592769265369,6.61315756880864,4.67533402436591
"66","LOC101850780",186.000958529676,0.525844734399932,0.130561297488581,4.02756976619294,5.63563476327188e-05,0.0143183845031236,163.900807135763,137.837844313379,146.027399224485,203.490636969526,169.976982061882,228.834506766719,140.152830013457,175.35775190933,151.648744577866,257.436111807097,245.789022974055,211.558864602557
"67","LOC101860068",10.0597891019784,-2.83309399763916,0.706533391657936,-4.00985152448504,6.07569400680095e-05,0.0143183845031236,3.32231365815735,5.77331285082215,3.51027401981935,1.49625468359946,3.46891800126289,1.78776958411499,35.879124483445,32.4291732983008,24.9774402834132,2.4286425642179,3.30657878440432,2.33766701218295
"68","LOC101862604",9.78206620931023,-2.66545975766477,0.665095673106307,-4.00763358633177,6.13301728359272e-05,0.0143183845031236,6.6446273163147,8.65996927623322,2.80821921585548,2.99250936719892,1.73445900063145,0.893884792057495,34.7579018433373,25.2226903431229,23.1933374060265,2.4286425642179,2.20438585626955,5.84416753045739
"69","LOC101862774",9.20211375931026,-5.17434088334352,1.29172063944746,-4.0057739462589,6.18147452098853e-05,0.0143183845031236,3.32231365815735,0,0.70205480396387,0,0.867229500315724,0.893884792057495,37.0003471235526,54.0486221638347,12.4887201417066,0,1.10219292813477,0
"70","LOC106012318",337.401359750476,0.53624318347613,0.13359082196867,4.01407204158,5.96801180675357e-05,0.0143183845031236,301.223105006267,245.365796159941,327.157538647164,345.634831911475,326.078292118712,406.71758038616,276.941992106591,246.22150096858,253.342608588905,381.29688258221,459.614451032201,479.221737497506
"71","LOC106012766",11.8012464240738,-4.00809736247563,1.00044889002209,-4.00629897484031,6.16775708605746e-05,0.0143183845031236,5.53718943026225,0.721664106352768,2.10616441189161,0,0.867229500315724,0.893884792057495,40.3640150438756,54.0486221638347,30.3297489155731,0,4.4087717125391,2.33766701218295
"72","LOC101855395",15.3130096884848,-1.27195979817774,0.319543738006121,-3.98054991192902,6.87560257795365e-05,0.0148576036997195,14.3966925186819,19.4849308715247,21.76369892288,8.97752810159676,11.2739835041044,10.7266175046899,23.5456754422608,30.0270123132415,21.4092345286398,10.9288915389805,7.71535049694342,3.50650051827443
"73","LOC101861419",14.3219709955196,-4.06699657333964,1.0224300169481,-3.97777501239586,6.9563145134282e-05,0.0148576036997195,2.2148757721049,2.1649923190583,1.40410960792774,0,0,0.893884792057495,80.7280300877512,36.0324147758898,39.2502633025064,2.4286425642179,4.4087717125391,2.33766701218295
"74","LOC101862893",14.3576792855067,-2.69966075387803,0.67850534854472,-3.97883489005407,6.92538121729544e-05,0.0148576036997195,7.75206520236715,5.05164874446938,4.21232882378322,2.99250936719892,2.60168850094717,4.46942396028747,61.667245205921,38.4345757609491,32.1138517929598,7.28592769265369,2.20438585626955,3.50650051827443
"75","LOC101863239",57.0837602114906,-1.73313448262789,0.434407527017077,-3.98965113364567,6.61705466108463e-05,0.0148576036997195,23.2561956071015,31.7532206795218,63.1849323567483,41.8951311407849,27.7513440101032,18.7715806332074,156.971169615072,141.7274981185,110.614378397973,18.2148192316342,28.6570161315041,22.2078366157381
"76","LOC101864249",11.5747442898374,-3.3445714210267,0.840462465191318,-3.97944174730678,6.90772828727804e-05,0.0148576036997195,3.32231365815735,1.44332821270554,3.51027401981935,2.99250936719892,2.60168850094717,0.893884792057495,59.4247999257057,38.4345757609491,20.5171830899465,1.21432128210895,2.20438585626955,2.33766701218295
"77","LOC106013847",13.2868339332375,-3.37159671674964,0.84482425164286,-3.99088533525544,6.58271025828628e-05,0.0148576036997195,3.32231365815735,2.88665642541107,1.40410960792774,2.24438202539919,1.73445900063145,0.893884792057495,60.5460225658134,39.6356562534788,37.4661604251197,2.4286425642179,2.20438585626955,4.67533402436591
"78","LOC101849503",28.6406270761442,-1.07325112076703,0.271753655842394,-3.94935301768111,7.83627113613569e-05,0.0165224762954984,27.6859471513113,28.144900147758,28.0821921585548,18.7031835449932,23.4151965085245,15.1960414649774,53.8186867251675,51.6464611787754,44.6025719346664,19.4291405137432,15.4307009938868,17.5325025913722
"79","LOC101852194",1415.96119668327,0.319971551014146,0.0812566628352409,3.93778848219417,8.22360352049977e-05,0.0171196687972328,1316.74364651636,1331.47027622086,1434.29796449819,1602.48876613502,1499.43980604589,1534.80018796272,1167.19276835207,1127.81458248535,1174.83174475911,1617.47594776912,1528.74159132293,1656.23707813162
"80","LOC101864574",19.6274944222956,1.30667115311747,0.332493547342061,3.92991432033176,8.49761358374596e-05,0.0174689691247858,16.6115682907868,10.8249615952915,18.9554797070245,21.6956929121922,24.2824260088403,22.3471198014374,7.84855848075359,6.0054024626483,6.24436007085329,29.1437107706147,34.167980772178,37.4026721949273
"81","LOC101857462",15.9681146070518,-2.83124651442439,0.722115806674645,-3.9207651851056,8.82682417513888e-05,0.0179217222696709,5.53718943026225,6.49497695717491,2.80821921585548,5.23689139259811,1.73445900063145,2.68165437617248,53.8186867251675,70.8637490592499,28.5456460381865,3.64296384632684,4.4087717125391,5.84416753045739
"82","LOC101855680",230.445949285647,-4.23064157163238,1.08123357438647,-3.91279152983479,9.12352929083318e-05,0.01821604962894,16.6115682907868,12.2682898079971,10.5308220594581,15.7106741777943,29.4858030107346,1.78776958411499,1029.28238361883,984.886003874321,571.804972202423,20.6434617958521,40.7811383409866,31.5585046644699
"83","LOC101863426",25.9950225327879,-1.91795415313985,0.490767782327294,-3.90806858601155,9.30368978226687e-05,0.01821604962894,15.5041304047343,12.9899539143498,17.5513700990968,14.2144194941949,15.610131005683,12.5143870888049,74.0006942471053,58.8529441339533,68.6879607793862,7.28592769265369,7.71535049694342,7.01300103654886
"84","LOC118478489",32.5684559502516,-2.17791402772507,0.557287968557873,-3.90805858120531,9.30407496552936e-05,0.01821604962894,6.6446273163147,27.4232360414052,16.8493152951329,16.458801519594,19.0790490069459,8.04496312851745,82.9704753679665,109.298324820199,77.6084751663195,6.07160641054474,11.0219292813477,9.35066804873182
"85","LOC101862343",394.716603612347,0.896829629348653,0.230191344906407,3.89601802671293,9.77871138286186e-05,0.0189200808708878,485.057794090973,282.892329690285,295.56507246879,490.023408878823,413.6684716506,584.600654005602,218.638414820993,164.548027476563,207.847985215545,584.088536694404,467.329801529144,542.338746826445
"86","LOC101851163",67.0981974547412,1.71518306004388,0.4413335700687,3.88636436556794,0.000101756738747238,0.0193889651335566,89.7024687702485,35.3615412112856,19.6575345109884,142.144194941949,69.3783600252579,87.6007096216345,11.2122264010766,22.8205293580635,9.8125658256266,122.646449493004,102.503942316534,92.3378469812267
"87","LOC101864205",9.91372989371909,-3.48947995239989,0.898323833486314,-3.88443434574984,0.000102568403661646,0.0193889651335566,1.10743788605245,1.44332821270554,2.80821921585548,1.49625468359946,2.60168850094717,0.893884792057495,45.9701282444139,31.2280928057712,26.7615431607998,1.21432128210895,1.10219292813477,2.33766701218295
"88","LOC101845966",48.4185908002342,-2.15832697161869,0.557877178599503,-3.86882104953094,0.000109362867433217,0.0199842413089631,13.2892546326294,22.3715872969358,17.5513700990968,19.451310886793,18.2118195066302,16.9838110490924,155.849946974964,163.346946984034,102.585915449733,21.8577830779611,14.3285080657521,15.1948355791892
"89","LOC101853570",223.188642342401,1.2169208859558,0.314259940732732,3.87233855870529,0.000107796075393157,0.0199842413089631,220.380139324438,134.951187887968,114.434933046111,483.290262802625,274.911751600084,442.47297206846,107.637373450335,96.0864394023728,132.915664365306,315.723533348326,249.095601758459,106.363849054324
"90","LOC101857611",145.033582173961,0.478069562038534,0.123490381300884,3.87131011340649,0.000108251967521356,0.0199842413089631,108.52891283314,124.847890399029,129.880138733316,157.854869119743,159.570228058093,149.278760273602,118.849599851411,130.917773685733,112.398481275359,180.933871034233,207.212270489338,160.130190334532
"91","LOC101857279",34.6658507199146,-2.67427914303462,0.694077974494778,-3.85299525601751,0.000116681652008654,0.0210873236146628,7.75206520236715,15.1549462334081,7.0205480396387,20.9475655703924,7.80506550284151,3.57553916822998,137.910384733242,109.298324820199,82.9607837984794,12.1432128210895,4.4087717125391,7.01300103654886
"92","LOC101851624",13.2048342136522,-2.78224535875864,0.723051119277035,-3.8479234518585,0.000119123259745984,0.0212945774976353,6.6446273163147,3.60832053176384,2.80821921585548,4.48876405079838,3.46891800126289,2.68165437617248,62.7884678460287,36.0324147758898,26.7615431607998,2.4286425642179,4.4087717125391,2.33766701218295
"93","LOC101858069",67.2669204030141,1.0569770127664,0.274884701990367,3.8451649186481,0.00012047138686354,0.0213040046059976,54.2644564165701,49.794823338341,60.3767131408929,100.997191142964,46.8303930170491,124.249986095992,22.4244528021531,42.0378172385381,32.1138517929598,103.217308979261,92.584205963321,78.311844908129
"94","LOC101849319",19.7657717191991,-1.86775565559465,0.487487816974068,-3.83138940207404,0.000127421650403491,0.0221835982322058,21.0413198349966,8.65996927623322,11.9349316673858,13.4662921523951,9.53952450347296,6.25719354440246,43.7276829641986,58.8529441339533,42.8184690572797,8.50024897476263,7.71535049694342,4.67533402436591
"95","LOC101853710",49.4073932398867,0.897940995996938,0.234644227199824,3.82681903881763,0.000129809871888413,0.0221835982322058,42.0826396699931,38.2481976366967,38.6130142180129,89.7752810159676,63.3077535230478,52.7392027313922,21.3032301620455,28.8259318207118,37.4661604251197,78.9308833370816,59.5184181192778,42.0780062192932
"96","LOC101863630",9.30711794593323,-3.16686259627145,0.827965978217191,-3.82487044104211,0.000130840874895048,0.0221835982322058,12.181816746577,0.721664106352768,2.10616441189161,0.74812734179973,0.867229500315724,1.78776958411499,33.6366792032297,24.0216098505932,27.6535945994931,1.21432128210895,4.4087717125391,2.33766701218295
"97","LOC106014056",10.7490126846505,-3.39367307812132,0.886097807148848,-3.82990799744891,0.000128191177706308,0.0221835982322058,2.2148757721049,2.1649923190583,2.10616441189161,1.49625468359946,1.73445900063145,0,47.0913508845215,37.2334952684195,26.7615431607998,3.64296384632684,2.20438585626955,2.33766701218295
"98","LOC101859612",65.1967941634253,-2.26714837945735,0.593547290335043,-3.81965921902803,0.000133636175049353,0.0224263319883843,26.5785092652588,12.9899539143498,22.4657537268439,20.1994382285927,33.8219505123132,23.2410045934949,200.69885257927,225.803132595576,159.677207526106,14.5718553853074,15.4307009938868,26.883170640104
"99","LOC106012830",5.72413837494658,-4.43664984344223,1.16354886454272,-3.81303267842202,0.000137271954193689,0.0228037834209032,2.2148757721049,0.721664106352768,2.80821921585548,0,0.867229500315724,0,28.0305660026914,26.4237708356525,5.35230863215996,0,1.10219292813477,1.16883350609148
"100","LOC101857666",21.8492781908122,-1.07673208758054,0.283690987849903,-3.79543987541198,0.000147381910689406,0.0237631657176272,17.7190061768392,27.4232360414052,23.8698633347716,11.2219101269959,19.9462785072616,14.3021566729199,39.2427924037679,37.2334952684195,33.0059032316531,12.1432128210895,13.2263151376173,12.8571685670062
"101","LOC101861001",9.2474577595111,-4.52485343253326,1.19196609825879,-3.79612594615158,0.000146974850533486,0.0237631657176272,1.10743788605245,2.88665642541107,0,1.49625468359946,0,1.78776958411499,49.3337961647368,33.6302537908305,19.6251316512532,0,1.10219292813477,0
"102","LOC101863371",29.7669821126022,0.957273682383179,0.252203799569167,3.79563545045104,0.000147265763877636,0.0237631657176272,13.2892546326294,18.763266765172,18.9554797070245,34.4138577227876,44.2287045161019,46.4820091869897,16.8183396016148,34.8313342833601,19.6251316512532,42.5012448738132,27.5548232033694,39.7403392071102
"103","LOC101856269",12.8144112488952,-3.15613798988107,0.832869696272651,-3.78947391651511,0.000150966661331807,0.0241048321578922,2.2148757721049,7.93830516988045,2.10616441189161,5.23689139259811,3.46891800126289,1.78776958411499,67.2733584064593,36.0324147758898,23.1933374060265,1.21432128210895,3.30657878440432,0
"104","LOC101850373",70.6601812218511,-0.962496034417414,0.254809927759624,-3.77730978882969,0.000158531494698711,0.0242153444354769,93.0247824284059,75.0530670606879,55.4623295131458,43.3913858243843,71.980048526205,33.9676220981848,125.576935692057,129.716693193203,82.9607837984794,49.7871725664669,49.5986817660648,37.4026721949273
"105","LOC101855795",11.9324019368142,-2.01369975038175,0.533070003031525,-3.77755217688109,0.000158377331541529,0.0242153444354769,6.6446273163147,8.65996927623322,7.72260284360258,4.48876405079838,6.07060650221006,3.57553916822998,37.0003471235526,33.6302537908305,21.4092345286398,6.07160641054474,4.4087717125391,3.50650051827443
"106","LOC101857201",43.5383198980531,0.68081994044719,0.180101570744181,3.78019990405434,0.000156702492037276,0.0242153444354769,38.7603260118358,31.7532206795218,26.6780825506271,50.1245319005819,52.9009995192591,54.5269723155072,29.151788642799,34.8313342833601,40.1423147411997,58.2874215412295,56.2118393348735,49.091007255842
"107","LOC101861750",89.9950149820654,1.44290186553377,0.382069611144845,3.77654182234021,0.000159020868237353,0.0242153444354769,71.9834625934093,41.1348540621078,37.910959414049,219.949438489121,162.17191655904,189.503575916189,58.3035772855981,34.8313342833601,47.2787262507463,120.217806928786,63.9271898318169,32.7273381705614
"108","LOC101862437",28.4456798759244,1.554436450081,0.411501311475998,3.77747629650427,0.000158425577648327,0.0242153444354769,12.181816746577,11.5466257016443,7.0205480396387,20.9475655703924,20.8135080075774,27.7104285537823,13.4546716812919,28.8259318207118,14.2728230190932,55.8587789770116,74.9491191131646,53.7663412802079
"109","LOC101860187",24.7438439842645,0.981557838378503,0.260068750297024,3.77422445894583,0.00016050619981813,0.024217293231275,26.5785092652588,12.9899539143498,20.3595893149522,34.4138577227876,30.3530325110503,37.5431612664148,13.4546716812919,13.2118854178263,13.3807715803999,36.4296384632684,23.1460514908303,35.0650051827443
"110","LOC101846598",56.7280587793533,1.25767598815153,0.334147947798981,3.76382975396317,0.000167330823855197,0.0247920966587619,27.6859471513113,54.8464720828104,45.6335622576516,139.899812916549,84.1212615306252,75.9802073248871,15.6971169615072,30.0270123132415,25.8694917221065,83.7881684655174,55.1096464067387,42.0780062192932
"111","LOC101854543",6.34024511319009,2.94333403689255,0.781628526902461,3.76564305880285,0.000166120973492219,0.0247920966587619,3.32231365815735,1.44332821270554,0,4.48876405079838,16.4773605059987,25.0287741776099,3.36366792032297,1.20108049252966,0,8.50024897476263,9.91973635321297,2.33766701218295
"112","LOC101854484",25.546386298941,-2.51011477879217,0.668824573029261,-3.75302415613003,0.000174714011769581,0.0252497788611395,8.8595030884196,12.2682898079971,6.31849323567483,6.73314607619757,8.67229500315723,10.7266175046899,88.5765885685048,96.0864394023728,49.062829128133,4.85728512843579,13.2263151376173,1.16883350609148
"113","LOC101857643",15.3624427496042,-2.1816987582794,0.581726143757584,-3.75038801623561,0.000176561143684242,0.0252497788611395,9.96694097447206,10.8249615952915,5.61643843171096,4.48876405079838,7.80506550284151,4.46942396028747,51.5762414449522,52.847541671305,20.5171830899465,7.28592769265369,6.61315756880864,2.33766701218295
"114","LOC101859410",263.225844754702,0.403248957029289,0.107482034345957,3.75178009500019,0.000175583443944209,0.0252497788611395,234.77683184312,230.210849926533,247.825345799246,291.021535960095,265.372227096611,337.888451397733,232.093086502285,210.18908619269,203.387728022079,304.794641809346,264.526302752346,336.624049754345
"115","LOC101864050",8.64327159442535,-4.27795088965878,1.1389630220466,-3.75600507378348,0.000172647194302335,0.0252497788611395,0,2.88665642541107,0.70205480396387,0,1.73445900063145,0,34.7579018433373,39.6356562534788,20.5171830899465,1.21432128210895,1.10219292813477,1.16883350609148
"116","LOC101848972",35.7083478295195,-1.84268767037037,0.492568716872994,-3.74097584204782,0.000183307141704272,0.0259885280385212,18.8264440628917,17.3199385524664,20.3595893149522,16.458801519594,19.0790490069459,22.3471198014374,102.031260249797,110.499405312729,66.9038579019995,10.9288915389805,13.2263151376173,10.5195015548233
"117","LOC101854983",6.87804604192017,-4.25435341004623,1.13993155098303,-3.73211304343444,0.000189880249488553,0.0262417696057878,2.2148757721049,0.721664106352768,1.40410960792774,0,0.867229500315724,0,31.3942339230144,30.0270123132415,12.4887201417066,1.21432128210895,2.20438585626955,0
"118","LOC101856909",12.581584011267,-3.16725883672382,0.848564339328244,-3.73249109104813,0.000189595404596815,0.0262417696057878,4.4297515442098,2.88665642541107,3.51027401981935,2.99250936719892,0.867229500315724,0,30.2730112829067,69.6626685667203,24.9774402834132,2.4286425642179,6.61315756880864,2.33766701218295
"119","LOC101863036",7.38868128518061,-4.4107098761686,1.18150923235698,-3.733115032347,0.000189126166138543,0.0262417696057878,1.10743788605245,0.721664106352768,1.40410960792774,0,1.73445900063145,0,31.3942339230144,38.4345757609491,11.5966687030133,0,1.10219292813477,1.16883350609148
"120","LOC101851749",31.1668103580527,-2.37570964355351,0.639500803615071,-3.71494395335193,0.000203248738449959,0.0278552396045669,11.0743788605245,7.21664106352768,11.2328768634219,5.98501873439784,17.3445900063145,8.93884792057495,97.546369689366,122.510210238025,64.2277035859195,7.28592769265369,6.61315756880864,14.0260020730977
"121","LOC101852231",93.7977751321075,0.651426826197611,0.17587264979333,3.70396890570028,0.000212252286839176,0.0286167150792767,79.7355277957764,53.4031438701048,73.0136996122425,114.463483295359,116.208753042307,113.523368591302,91.9402564888278,54.0486221638347,86.5289895532527,109.288915389805,141.080694801251,92.3378469812267
"122","LOC101854329",6.57068235788016,-4.66052366226424,1.25878307399148,-3.70240413821752,0.000213566065231729,0.0286167150792767,2.2148757721049,2.1649923190583,2.10616441189161,0,0,1.78776958411499,33.6366792032297,34.8313342833601,0.892051438693327,1.21432128210895,0,0
"123","LOC101855360",20.6081341601027,-1.70500032110124,0.460579413052805,-3.7018595985439,0.000214025048932934,0.0286167150792767,8.8595030884196,19.4849308715247,15.4452056872052,14.2144194941949,11.2739835041044,5.36330875234497,54.9399093652751,45.6410587161271,45.4946233733597,9.71457025687158,11.0219292813477,5.84416753045739
"124","LOC101862935",13.9065174695119,-2.3722346752114,0.641592847531096,-3.69741446517049,0.000217806573155412,0.0287354177678369,6.6446273163147,10.1032974889388,4.21232882378322,2.24438202539919,6.07060650221006,8.93884792057495,45.9701282444139,45.6410587161271,27.6535945994931,4.85728512843579,2.20438585626955,2.33766701218295
"125","LOC118478066",4.83251118471734,-3.77145992777777,1.02021929897227,-3.69671494312741,0.000218407346526791,0.0287354177678369,3.32231365815735,2.1649923190583,2.10616441189161,0.74812734179973,0,0.893884792057495,7.84855848075359,21.6194488655339,16.9489773351732,0,0,2.33766701218295
"126","LOC101850424",4.56585522173121,-5.13018340205026,1.39115729160334,-3.68770909875877,0.000226282128927798,0.0293689918352639,0,0.721664106352768,0.70205480396387,0,0,0,21.3032301620455,22.8205293580635,8.02846294823994,1.21432128210895,0,0
"127","LOC101852894",5.1692486171644,-3.16011492439168,0.857529992532008,-3.68513632399128,0.000228580259936385,0.0293689918352639,1.10743788605245,6.49497695717491,11.9349316673858,0,0.867229500315724,0,12.3334490411842,14.4129659103559,8.92051438693327,4.85728512843579,1.10219292813477,0
"128","LOC101860820",475.584342479694,0.316131155071997,0.0857664025735092,3.68595563747757,0.000227846041583414,0.0293689918352639,452.942095395452,469.803333235652,435.2739784576,522.941011918011,532.478913193854,548.845262323302,358.79124483445,427.584655340559,396.070838779837,507.58629592154,534.563570145365,520.130910210707
"129","LOC101854611",13.3772509739741,-2.13289106285055,0.579820328638354,-3.67853791511487,0.00023457482332982,0.0297272119657416,13.2892546326294,8.65996927623322,6.31849323567483,3.74063670899865,7.80506550284151,0.893884792057495,23.5456754422608,54.0486221638347,24.9774402834132,4.85728512843579,7.71535049694342,4.67533402436591
"130","LOC101855125",7.02978690126894,-2.55215658603258,0.693880210298641,-3.67809392479164,0.00023498343399893,0.0297272119657416,5.53718943026225,7.93830516988045,2.10616441189161,2.99250936719892,2.60168850094717,2.68165437617248,19.0607848818301,26.4237708356525,11.5966687030133,1.21432128210895,2.20438585626955,0
"131","LOC101850033",16.8159057899272,-2.08212982918779,0.567356438737006,-3.66987961540162,0.000242664722845151,0.030464610930621,15.5041304047343,9.38163338258599,4.21232882378322,6.73314607619757,8.67229500315723,6.25719354440246,44.8489056043062,57.6518636414237,32.1138517929598,8.50024897476263,4.4087717125391,3.50650051827443
"132","LOC101846496",26.4092726580648,-2.33275340448946,0.636559456597554,-3.66462767980568,0.000247698649210268,0.0306025074603409,11.0743788605245,5.05164874446938,14.0410960792774,5.98501873439784,11.2739835041044,9.83273271263244,107.637373450335,84.0756344770762,42.8184690572797,7.28592769265369,14.3285080657521,3.50650051827443
"133","LOC101858605",18.1451509555638,-2.87982007942418,0.786850428050757,-3.65993329451225,0.00025228091374745,0.0306025074603409,1.10743788605245,5.77331285082215,2.80821921585548,5.23689139259811,4.33614750157862,3.57553916822998,70.6370263267823,62.4561856115423,49.062829128133,2.4286425642179,3.30657878440432,7.01300103654886
"134","LOC101859926",26.5528233711512,-0.96243316595212,0.26329132251613,-3.65539265310636,0.000256788643410376,0.0306025074603409,24.3636334931539,33.9182129985801,32.294520982338,22.4438202539919,26.8841145097874,12.5143870888049,41.4852376839833,39.6356562534788,40.1423147411997,13.3575341031984,18.7372797782912,12.8571685670062
"135","LOC101860181",20.6716157644085,-1.71860258493677,0.469447423977969,-3.66090534776781,0.000251325599631308,0.0306025074603409,11.0743788605245,14.4332821270554,14.0410960792774,9.72565544339649,6.93783600252579,5.36330875234497,53.8186867251675,54.0486221638347,42.8184690572797,9.71457025687158,13.2263151376173,12.8571685670062
"136","LOC101863522",24.3445687827714,-2.27686763028481,0.622716435155915,-3.65634741873278,0.000255834573042853,0.0306025074603409,9.96694097447206,7.93830516988045,9.12671245153032,9.72565544339649,14.7429015053673,5.36330875234497,93.0614791289354,70.8637490592499,51.738983444213,3.64296384632684,6.61315756880864,9.35066804873182
"137","LOC106013754",5.98932537991132,-3.70231259158817,1.01212895906215,-3.65794552012304,0.000254245070045156,0.0306025074603409,3.32231365815735,2.1649923190583,1.40410960792774,0,0.867229500315724,0.893884792057495,12.3334490411842,38.4345757609491,8.92051438693327,2.4286425642179,1.10219292813477,0
"138","LOC118478051",5.65833160989116,-3.39146236308891,0.926667680299521,-3.65984746764095,0.000252365426063194,0.0306025074603409,2.2148757721049,2.1649923190583,2.80821921585548,0,1.73445900063145,1.78776958411499,15.6971169615072,27.6248513281822,11.5966687030133,0,1.10219292813477,1.16883350609148
"139","LOC101850185",153.445585588898,0.505316080907011,0.138396650812863,3.65121610919825,0.000261001498294553,0.0308807959780735,163.900807135763,123.404562186323,109.520549418364,169.824906588539,156.10131005683,172.519764867097,131.183048892596,117.705888267907,115.966687030133,199.148690265867,214.927620986281,167.143191371081
"140","LOC101845614",9.47206241865072,-3.85146255398397,1.05841354435698,-3.6389014242291,0.000273803573767129,0.0320180193511529,2.2148757721049,1.44332821270554,0.70205480396387,0.74812734179973,0,0,50.4550188048445,36.0324147758898,15.1648744577866,2.4286425642179,3.30657878440432,1.16883350609148
"141","LOC101849492",14.0096798435138,-2.49163678298092,0.684861041931902,-3.63816399302309,0.000274588568392942,0.0320180193511529,5.53718943026225,5.05164874446938,9.82876725549419,2.99250936719892,8.67229500315723,0.893884792057495,51.5762414449522,46.8421392086567,24.0853888447198,1.21432128210895,4.4087717125391,7.01300103654886
"142","LOC101852222",11.0535510958238,-2.99307718062771,0.823083535507949,-3.63641969679371,0.000276453772824012,0.0320180193511529,2.2148757721049,2.1649923190583,2.10616441189161,1.49625468359946,2.60168850094717,2.68165437617248,38.1215697636603,45.6410587161271,27.6535945994931,1.21432128210895,4.4087717125391,2.33766701218295
"143","LOC101861701",6.77032682660528,-4.721097060051,1.29935686851525,-3.6334106314039,0.000279699352391707,0.0321673814645735,2.2148757721049,0,1.40410960792774,0.74812734179973,0,0,32.515456563122,31.2280928057712,10.7046172643199,2.4286425642179,0,0
"144","LOC101850602",17.5443092344686,-2.0632041404121,0.568173760472163,-3.6312907845261,0.000282007220577929,0.0322075746501709,5.53718943026225,7.93830516988045,21.76369892288,7.4812734179973,8.67229500315723,2.68165437617248,57.1823546454904,38.4345757609491,39.2502633025064,4.85728512843579,13.2263151376173,3.50650051827443
"145","LOC101850725",8.16514015726002,-3.15016729074762,0.86817761918928,-3.62848249150825,0.000285092080520459,0.0323353403878584,4.4297515442098,1.44332821270554,0.70205480396387,1.49625468359946,1.73445900063145,0.893884792057495,29.151788642799,30.0270123132415,22.3012859673332,2.4286425642179,2.20438585626955,1.16883350609148
"146","LOC101858729",682.95756308992,0.34706280169078,0.0957421345617575,3.62497455565826,0.000288989902979412,0.0325529311260233,624.594967733582,626.404444314203,593.236309349471,813.962547878106,724.136632763629,876.900981008402,621.157342619641,584.926199861944,558.424200622023,734.664375675913,628.249969036821,808.832786215302
"147","TRNAS-CGA",8.09414147580898,-3.22745512726041,0.890986252214033,-3.62233998475333,0.00029195005833814,0.0326626575471364,2.2148757721049,5.05164874446938,2.80821921585548,0,0,1.78776958411499,31.3942339230144,19.2172878804746,26.7615431607998,1.21432128210895,5.51096464067387,1.16883350609148
"148","LOC101860942",3.42986049576552,-5.22984370192068,1.44528526506767,-3.61855463992142,0.00029625295643589,0.0329201089293557,1.10743788605245,0.721664106352768,0,0,0,0,20.1820075219378,12.0108049252966,7.13641150954662,0,0,0
"149","LOC101846991",18.2047760238205,-1.13502416987584,0.31385723057977,-3.61637094604824,0.00029876216070464,0.0329761241271712,25.4710713792064,18.763266765172,21.76369892288,10.4737827851962,7.80506550284151,16.0899262570349,25.7881207224761,21.6194488655339,36.5741089864264,14.5718553853074,5.51096464067387,14.0260020730977
"150","LOC101854625",10.0552960487513,-3.575531190441,0.991197198958397,-3.60728540617181,0.000309417254765739,0.0339245078125156,1.10743788605245,0.721664106352768,2.10616441189161,0,1.73445900063145,0.893884792057495,43.7276829641986,42.0378172385381,21.4092345286398,1.21432128210895,2.20438585626955,3.50650051827443
"151","LOC101847223",24.4582997961204,1.66345025955935,0.461482966578388,3.60457563990456,0.000312663381504804,0.0340533905445564,18.8264440628917,9.38163338258599,13.3390412753135,27.68071164659,34.6891800126289,63.4658202360821,6.72733584064593,1.20108049252966,20.5171830899465,35.2153171811595,49.5986817660648,12.8571685670062
"152","LOC101851582",5.83814243105988,-4.4306074038647,1.23009752536603,-3.60183425500863,0.000315979808380581,0.0341881837409674,1.10743788605245,0.721664106352768,1.40410960792774,0,0,0,26.9093433625837,20.4183683730042,16.0569258964799,0,1.10219292813477,2.33766701218295
"153","TRNAR-CCG",7.17312966830036,-3.37685679805305,0.939423332803406,-3.59460605260454,0.000324882789448493,0.0349217147403263,2.2148757721049,1.44332821270554,2.80821921585548,1.49625468359946,0.867229500315724,2.68165437617248,14.5758943213995,40.8367367460084,16.9489773351732,0,2.20438585626955,0
"154","LOC101845134",9.07027092867848,-3.59361116380494,1.00509999279024,-3.57537676806542,0.000349723880232664,0.0363889600035376,1.10743788605245,2.88665642541107,1.40410960792774,1.49625468359946,0,0,40.3640150438756,34.8313342833601,19.6251316512532,4.85728512843579,1.10219292813477,1.16883350609148
"155","LOC101846800",21.4212222132931,-1.5908680536519,0.447049454201673,-3.55859522632194,0.000372843613557886,0.0363889600035376,21.0413198349966,13.7116180207026,14.7431508832413,11.9700374687957,6.93783600252579,15.1960414649774,54.9399093652751,62.4561856115423,26.7615431607998,10.9288915389805,5.51096464067387,12.8571685670062
"156","LOC101847838",549.177828015518,0.442835279475389,0.123978822393228,3.57186228201808,0.000354451798660078,0.0363889600035376,599.123896354376,420.008509897311,484.417814735071,683.040263063153,561.964716204589,600.690580262637,460.822505084246,378.340355146843,450.48597654013,644.804600799851,585.264444839565,721.170273258441
"157","LOC101848902",9.76595576444777,-3.70850910097759,1.03930923770702,-3.56824414373483,0.000359381557000176,0.0363889600035376,1.10743788605245,0.721664106352768,2.10616441189161,0,1.73445900063145,0.893884792057495,44.8489056043062,38.4345757609491,21.4092345286398,2.4286425642179,0,3.50650051827443
"158","LOC101850250",6.17753191803208,-3.27464336717819,0.9154988555025,-3.57689509658731,0.000347699626655752,0.0363889600035376,3.32231365815735,2.1649923190583,0.70205480396387,0.74812734179973,0.867229500315724,1.78776958411499,26.9093433625837,25.2226903431229,8.92051438693327,1.21432128210895,1.10219292813477,1.16883350609148
"159","LOC101852179",22.5558459164809,-1.58060284587012,0.443779335292806,-3.56168645127929,0.000368480287528816,0.0363889600035376,14.3966925186819,18.0416026588192,11.9349316673858,11.2219101269959,12.1412130044201,12.5143870888049,53.8186867251675,69.6626685667203,35.6820575477331,9.71457025687158,11.0219292813477,10.5195015548233
"160","LOC101853791",5.3991535657907,-2.57341366557924,0.722287936289608,-3.56286397194844,0.000366830785634299,0.0363889600035376,3.32231365815735,4.32998463811661,5.61643843171096,3.74063670899865,1.73445900063145,0.893884792057495,13.4546716812919,13.2118854178263,16.0569258964799,2.4286425642179,0,0
"161","LOC101855148",16.0130735198697,-2.55955080721122,0.717455345962437,-3.56754022618325,0.000360348073221248,0.0363889600035376,8.8595030884196,2.88665642541107,4.91438362774709,2.24438202539919,7.80506550284151,3.57553916822998,65.030913126244,57.6518636414237,24.9774402834132,8.50024897476263,2.20438585626955,3.50650051827443
"162","LOC101857200",2.69369497532836,-4.33046996945393,1.21129696201122,-3.57506879424818,0.000350135816965235,0.0363889600035376,2.2148757721049,0.721664106352768,1.40410960792774,0,0,0,5.60611320053828,16.8151268954152,4.46025719346664,0,1.10219292813477,0
"163","LOC101858277",11.1119107990292,-2.95954546508118,0.831030692425866,-3.56129501840895,0.0003690301509414,0.0363889600035376,4.4297515442098,2.1649923190583,3.51027401981935,2.99250936719892,1.73445900063145,0,47.0913508845215,45.6410587161271,15.1648744577866,6.07160641054474,2.20438585626955,2.33766701218295
"164","LOC101858500",6.1304961341049,-5.07358265688845,1.4242302971763,-3.56233304890887,0.000367573660093905,0.0363889600035376,0,1.44332821270554,0,0.74812734179973,0,0,28.0305660026914,32.4291732983008,9.8125658256266,0,1.10219292813477,0
"165","LOC101861478",14.1340365007296,-2.53043860434166,0.708127671209609,-3.57342144251928,0.000352346983368028,0.0363889600035376,3.32231365815735,4.32998463811661,7.0205480396387,5.23689139259811,2.60168850094717,5.36330875234497,40.3640150438756,64.8583465966016,24.9774402834132,1.21432128210895,3.30657878440432,7.01300103654886
"166","LOC101863136",72.3848608116812,1.05780755328025,0.297318405226155,3.55782734834605,0.000373934953216457,0.0363889600035376,81.9504035678814,36.8048694239912,24.5719181387355,51.6207865841813,79.7851140290466,129.613294848337,57.1823546454904,39.6356562534788,42.8184690572797,92.28841744028,120.13902916669,112.208016584782
"167","LOC106011275",8.33246015277313,-2.74923018197323,0.772535189997673,-3.5587119105623,0.000372678037970977,0.0363889600035376,3.32231365815735,4.32998463811661,2.10616441189161,1.49625468359946,1.73445900063145,1.78776958411499,33.6366792032297,27.6248513281822,16.0569258964799,1.21432128210895,5.51096464067387,1.16883350609148
"168","LOC106012684",12.6426375393323,-3.69551533648549,1.03317343076733,-3.57685866325546,0.00034774807140151,0.0363889600035376,1.10743788605245,1.44332821270554,1.40410960792774,1.49625468359946,0.867229500315724,2.68165437617248,42.6064603240909,61.2551051190127,33.0059032316531,0,0,5.84416753045739
"169","LOC106013551",12.8245735899321,-3.59907685065977,1.00615896151122,-3.57704596225437,0.000347499090477214,0.0363889600035376,2.2148757721049,2.1649923190583,2.10616441189161,5.98501873439784,0.867229500315724,0,43.7276829641986,74.4669905368389,17.8410287738665,1.21432128210895,3.30657878440432,0
"170","LOC106011561",18.0884703349724,-2.86425774077462,0.805829610932074,-3.55442106112436,0.000378812209299578,0.0366467387890639,2.2148757721049,5.05164874446938,2.80821921585548,3.74063670899865,2.60168850094717,1.78776958411499,80.7280300877512,66.0594270891313,33.8979546703464,3.64296384632684,11.0219292813477,3.50650051827443
"171","LOC101855794",21.9664960021428,-1.77634117176355,0.500513686294608,-3.54903616105709,0.000386643980166779,0.037185654373233,11.0743788605245,18.763266765172,12.6369864713497,13.4662921523951,13.0084425047359,8.04496312851745,33.6366792032297,91.2821174322542,37.4661604251197,7.28592769265369,9.91973635321297,7.01300103654886
"172","LOC101850183",30.3108072373315,-3.4282161532486,0.967735818277317,-3.5425124176464,0.000396334762377776,0.0374604684026719,3.32231365815735,7.21664106352768,7.0205480396387,5.98501873439784,6.07060650221006,1.78776958411499,98.6675923294737,141.7274981185,74.9323208502395,0,8.81754342507819,8.18183454264034
"173","LOC101861635",10.0354915970779,-3.36252731005059,0.949128140514948,-3.54275378267286,0.000395972216968507,0.0374604684026719,3.32231365815735,0.721664106352768,4.21232882378322,3.74063670899865,0,0.893884792057495,33.6366792032297,38.4345757609491,29.4376974768798,4.85728512843579,0,1.16883350609148
"174","LOC101863210",12.6113790966403,-2.89250374209449,0.816387012205763,-3.54305457932182,0.000395520835232123,0.0374604684026719,0,3.60832053176384,5.61643843171096,5.23689139259811,2.60168850094717,1.78776958411499,49.3337961647368,45.6410587161271,29.4376974768798,2.4286425642179,3.30657878440432,2.33766701218295
"175","LOC101848188",11.0318657011768,-3.28624481089759,0.929266994306783,-3.53638387140724,0.000405644798297303,0.037576134531123,0,43.2998463811661,2.10616441189161,2.24438202539919,1.73445900063145,3.57553916822998,11.2122264010766,60.054024626483,3.56820575477331,1.21432128210895,2.20438585626955,1.16883350609148
"176","LOC101851075",5.37920354964487,-2.14747749153595,0.607762350141061,-3.53341645963677,0.000410225712881301,0.037576134531123,4.4297515442098,4.32998463811661,9.82876725549419,1.49625468359946,1.73445900063145,0.893884792057495,8.96978112086125,9.60864394023728,15.1648744577866,1.21432128210895,2.20438585626955,4.67533402436591
"177","LOC101855204",7.27708255183477,-2.88067006726671,0.81518050212393,-3.53378185538197,0.000409659039275456,0.037576134531123,3.32231365815735,5.77331285082215,3.51027401981935,0.74812734179973,0.867229500315724,0.893884792057495,20.1820075219378,34.8313342833601,8.92051438693327,6.07160641054474,2.20438585626955,0
"178","LOC101855445",6.36488817579409,-3.54324985570059,1.00380370704546,-3.52982344140728,0.000415837071911977,0.037576134531123,2.2148757721049,1.44332821270554,1.40410960792774,0.74812734179973,0,1.78776958411499,35.879124483445,16.8151268954152,12.4887201417066,2.4286425642179,0,1.16883350609148
"179","LOC101856667",77.2967031662956,0.75281941855808,0.21310370937882,3.53264342865025,0.000411426981011524,0.037576134531123,56.479332188675,87.321356868685,58.9726035329651,112.219101269959,96.2624745350453,97.4334423342669,34.7579018433373,52.847541671305,53.5230863215996,102.002987697152,109.117099885343,66.6235098472142
"180","LOC101856699",8.78832039211276,-3.03188302751527,0.856930441826002,-3.53807366331244,0.000403057596232326,0.037576134531123,3.32231365815735,1.44332821270554,2.10616441189161,2.99250936719892,0.867229500315724,2.68165437617248,35.879124483445,26.4237708356525,24.9774402834132,2.4286425642179,0,2.33766701218295
"181","LOC101858052",29.4684860647917,-1.23145043001111,0.34884667853456,-3.53006207536274,0.000415462176597506,0.037576134531123,26.5785092652588,23.0932514032886,24.5719181387355,20.9475655703924,13.0084425047359,16.0899262570349,76.2431395273206,55.2497026563643,42.8184690572797,21.8577830779611,12.1241222094825,21.0390031096466
"182","LOC101863338",363.301043794957,0.482017384626078,0.136258185439918,3.53752974964297,0.000403888682955595,0.037576134531123,290.148726145742,318.253870901571,339.794525118513,416.706929382449,347.759029626605,357.553916822998,270.214656265945,288.259318207118,308.649797787891,554.944825923789,385.767524847171,481.559404509689
"183","LOC101848003",21.8281139322101,-2.18925492490702,0.620543306186263,-3.52796477390394,0.000418767881217415,0.0376341889317028,7.75206520236715,9.38163338258599,7.0205480396387,10.4737827851962,6.07060650221006,6.25719354440246,56.0611320053828,91.2821174322542,43.710520495973,4.85728512843579,13.2263151376173,5.84416753045739
"184","LOC101853135",6.81492064161452,-4.20823836214296,1.19415387018049,-3.52403360004763,0.000425030348407233,0.0377927423204754,1.10743788605245,0.721664106352768,0.70205480396387,0,0,0.893884792057495,31.3942339230144,30.0270123132415,13.3807715803999,1.21432128210895,0,2.33766701218295
"185","LOC118479054",71.7193896668429,0.649621949068426,0.184343641253525,3.52397264506136,0.000425128136281646,0.0377927423204754,73.0909004794617,57.7331285082215,43.52739784576,103.241573168363,79.7851140290466,94.7517879580945,57.1823546454904,64.8583465966016,41.034366179893,80.1452046191906,69.4381544724908,95.8443474995011
"186","LOC101860359",13.3520587622571,-2.61245082448088,0.742684785672515,-3.51757687094029,0.000435506190236294,0.0385071763689575,4.4297515442098,5.77331285082215,4.21232882378322,6.73314607619757,5.20337700189434,5.36330875234497,45.9701282444139,46.8421392086567,31.2218003542664,0,3.30657878440432,1.16883350609148
"187","LOC101855834",17.9801632646302,-3.27156983511787,0.930660246675356,-3.51532135041231,0.000439222160953168,0.0386280623477851,0,5.05164874446938,1.40410960792774,1.49625468359946,0.867229500315724,5.36330875234497,69.5158036866746,82.8745539845465,36.5741089864264,2.4286425642179,5.51096464067387,4.67533402436591
"188","LOC101854648",37.1251246525298,-1.0166891895433,0.289377993132782,-3.51336042708953,0.00044247681260034,0.0387073067022617,43.1900775560456,49.0731592319882,52.6541102972903,9.72565544339649,32.9547210119975,30.3920829299548,65.030913126244,43.2388977310678,44.6025719346664,23.07210436007,36.3723666284476,15.1948355791892
"189","LOC101855367",34.3530773726284,-1.03881649648304,0.295891068123455,-3.51080721385484,0.000446748262318338,0.0388741900639544,27.6859471513113,38.2481976366967,32.294520982338,23.1919475957916,14.7429015053673,23.2410045934949,69.5158036866746,66.0594270891313,43.710520495973,24.286425642179,16.5328939220216,32.7273381705614
"190","LOC106011656",9.53495542892702,-3.31451391032288,0.945294132955578,-3.50633077554354,0.000454330230986211,0.0393258683094696,2.2148757721049,0.721664106352768,0.70205480396387,2.99250936719892,1.73445900063145,0.893884792057495,48.2125735246292,26.4237708356525,25.8694917221065,1.21432128210895,1.10219292813477,2.33766701218295
"191","LOC101848765",32.3320503629735,-1.70939328319636,0.487919574887834,-3.50343247365988,0.000459303091759245,0.0393421804535028,13.2892546326294,18.0416026588192,18.2534249030606,18.7031835449932,13.0084425047359,13.4082718808624,102.031260249797,92.4831979247838,53.5230863215996,15.7861766674163,15.4307009938868,14.0260020730977
"192","LOC101849417",26.2675377190791,-1.31573109789246,0.375535528705391,-3.50361283372645,0.000458992156826185,0.0393421804535028,13.2892546326294,32.4748847858746,25.2739729426993,18.7031835449932,16.4773605059987,6.25719354440246,47.0913508845215,66.0594270891313,41.034366179893,15.7861766674163,18.7372797782912,14.0260020730977
"193","LOC101845903",6.87096288684587,-2.90964404765371,0.832431238954035,-3.49535662706476,0.000473428724638475,0.040134066007239,2.2148757721049,1.44332821270554,4.21232882378322,2.24438202539919,1.73445900063145,0.893884792057495,15.6971169615072,32.4291732983008,16.9489773351732,2.4286425642179,2.20438585626955,0
"194","LOC101864417",186.324446782597,1.07887805348546,0.308596694323283,3.49607780423999,0.000472151008385403,0.040134066007239,266.892530538641,95.9813261449182,62.4828775527845,211.720037729323,222.877981581141,289.618672626628,99.7888149695814,104.49400285008,90.097195308026,338.795637708396,276.650424961828,176.493859419813
"195","LOC101846299",26.271464415412,-1.83003431523643,0.524220254448957,-3.4909645319983,0.00048128014036164,0.0402421436238565,8.8595030884196,18.763266765172,10.5308220594581,11.9700374687957,11.2739835041044,9.83273271263244,88.5765885685048,73.2659100443093,46.386674812053,9.71457025687158,13.2263151376173,12.8571685670062
"196","LOC101853858",8.5164794915638,-3.32739593462804,0.954338958377461,-3.48659761337332,0.000489206816176923,0.0402421436238565,1.10743788605245,2.88665642541107,0.70205480396387,0.74812734179973,1.73445900063145,0,34.7579018433373,37.2334952684195,16.0569258964799,2.4286425642179,2.20438585626955,2.33766701218295
"197","LOC101861631",42.3736647709224,-1.01139645530616,0.289839633700187,-3.4895036348009,0.000483918477133528,0.0402421436238565,26.5785092652588,55.5681361891632,37.2089046100851,31.4213483555886,31.220262011366,27.7104285537823,88.5765885685048,76.8691515218982,56.1992406376796,21.8577830779611,33.0657878440432,22.2078366157381
"198","LOC106013557",5.64478811832701,-3.89742213986807,1.11786089700301,-3.48650010955483,0.000489385183313347,0.0402421436238565,2.2148757721049,1.44332821270554,1.40410960792774,0,0,0,25.7881207224761,14.4129659103559,17.8410287738665,2.4286425642179,2.20438585626955,0
"199","LOC118478703",4.46320873863276,-5.10129737235718,1.46224916764384,-3.48866491787925,0.000485439263703103,0.0402421436238565,0,0,1.40410960792774,0,0,0,24.6668980823684,15.6140464028856,10.7046172643199,0,0,1.16883350609148
"200","TRNAE-CUC",15.4692578092697,-2.19996621850556,0.63095823292437,-3.48670657376026,0.000489007562869952,0.0402421436238565,3.32231365815735,6.49497695717491,8.42465764756645,5.98501873439784,8.67229500315723,5.36330875234497,56.0611320053828,45.6410587161271,33.0059032316531,3.64296384632684,5.51096464067387,3.50650051827443
"201","LOC101856583",14.2384507622053,-2.17815677492256,0.625017147000213,-3.48495522943119,0.000492219391672225,0.0402738314201065,11.0743788605245,8.65996927623322,4.21232882378322,9.72565544339649,6.93783600252579,0.893884792057495,32.515456563122,52.847541671305,31.2218003542664,4.85728512843579,4.4087717125391,3.50650051827443
"202","LOC101856020",118.595609157418,-1.75044489992482,0.503079995403111,-3.47945638053489,0.000502432153400852,0.0405048980138746,39.8677638978882,51.9598156573993,50.5479458853987,63.590824052977,66.7766715243107,41.1187004346448,324.033342991112,393.954401549728,237.285682692425,52.2158151306848,56.2118393348735,45.5845067375676
"203","LOC101858671",215.23989325159,0.343363581379974,0.0986112655683904,3.48199142766137,0.000497699624638888,0.0405048980138746,209.305760463913,197.014301034306,195.171235501956,228.178839248918,235.886424085877,260.120474488731,171.547063936471,171.754510431741,191.791059319065,258.650433089206,241.380251261516,222.078366157381
"204","LOC101860576",8.30032049191075,-2.78199129882245,0.79948608018399,-3.47972449774513,0.000501929644484349,0.0405048980138746,2.2148757721049,4.32998463811661,2.80821921585548,2.99250936719892,2.60168850094717,0,40.3640150438756,20.4183683730042,16.9489773351732,1.21432128210895,2.20438585626955,3.50650051827443
"205","LOC101845933",471.299830895311,0.462457157353413,0.133258121629572,3.4703862826383,0.000519710357282833,0.0416410914799682,532.677623191229,413.513532940136,367.174662473104,594.013109388985,442.287045161019,540.800299194784,358.79124483445,375.938194161784,330.951083755224,562.230753616443,580.855673127026,556.364748899543
"206","LOC101858561",6.00283696536395,-4.10449683967835,1.18305097579344,-3.46941672308377,0.000521589738834577,0.0416410914799682,1.10743788605245,0.721664106352768,0.70205480396387,0.74812734179973,0,0.893884792057495,22.4244528021531,28.8259318207118,14.2728230190932,0,0,2.33766701218295
"207","LOC118478477",109.077774941978,0.610625699127083,0.176128511378117,3.4669327205984,0.000526433637838025,0.0418247710525805,80.8429656818289,106.084623633857,101.095891770797,167.580524563139,106.669228538834,102.796751086612,74.0006942471053,66.0594270891313,87.421040991946,143.289911288856,142.182887729386,130.909352682245
"208","LOC101856858",17.2296979940506,-1.13907358415133,0.329040337710368,-3.46180529742216,0.000536565173386078,0.0424247636610935,21.0413198349966,21.649923190583,15.4452056872052,13.4662921523951,8.67229500315723,13.4082718808624,26.9093433625837,39.6356562534788,18.7330802125599,10.9288915389805,11.0219292813477,5.84416753045739
"209","LOC101847725",7.44048274168761,-2.99580445913386,0.868270762848432,-3.45031133987039,0.000559940384009556,0.0425640400411162,2.2148757721049,3.60832053176384,2.10616441189161,0.74812734179973,1.73445900063145,1.78776958411499,32.515456563122,30.0270123132415,8.92051438693327,1.21432128210895,4.4087717125391,0
"210","LOC101851147",7.11260435017847,-2.35489776747046,0.682318408670287,-3.45131794415414,0.00055785597344775,0.0425640400411162,5.53718943026225,5.77331285082215,3.51027401981935,0.74812734179973,3.46891800126289,2.68165437617248,29.151788642799,20.4183683730042,7.13641150954662,1.21432128210895,2.20438585626955,3.50650051827443
"211","LOC101852657",425.70605090796,1.00918743813626,0.292175545498336,3.45404484969811,0.00055224552663789,0.0425640400411162,355.487561422837,458.978371640361,346.113018354188,867.827716487686,574.973158709325,601.584465054694,131.183048892596,217.395569147868,185.546699248212,486.942834125688,522.439447935883,360.000719876175
"212","LOC101855519",15.0178499008904,-2.26519622316957,0.656250201242975,-3.45172651967063,0.000557011985762407,0.0425640400411162,11.0743788605245,4.32998463811661,4.21232882378322,2.99250936719892,7.80506550284151,1.78776958411499,52.6974640850598,49.244300193716,27.6535945994931,4.85728512843579,7.71535049694342,5.84416753045739
"213","LOC101858791",15.8998996383423,-2.43685879435846,0.705378138923751,-3.45468431737417,0.000550937489599125,0.0425640400411162,7.75206520236715,3.60832053176384,3.51027401981935,2.99250936719892,7.80506550284151,2.68165437617248,41.4852376839833,74.4669905368389,30.3297489155731,3.64296384632684,5.51096464067387,7.01300103654886
"214","LOC101860087",8.60534043479874,-1.98259055522458,0.574674389674318,-3.44993720069579,0.000560716974445966,0.0425640400411162,6.6446273163147,7.21664106352768,6.31849323567483,2.24438202539919,6.07060650221006,1.78776958411499,29.151788642799,21.6194488655339,11.5966687030133,6.07160641054474,2.20438585626955,2.33766701218295
"215","LOC101862306",73.2440233673274,0.74575796673239,0.215674937082584,3.45778687510098,0.000544632048592738,0.0425640400411162,44.297515442098,46.1865028065772,76.5239736320619,131.670412156752,101.46585153694,89.3884792057495,61.667245205921,49.244300193716,50.8469320055196,74.0735982086458,89.2776271789167,64.2858428350312
"216","LOC101863658",199.548042617602,0.593956914745987,0.172186233080796,3.44950292551716,0.000561619645440972,0.0425640400411162,153.933866161291,147.941141802318,213.424660405017,240.897004059513,247.160407589981,234.197815519064,107.637373450335,126.113451715614,202.495676583385,222.220794625937,221.54077855509,277.01354094368
"217","LOC118478371",18.8320171336082,-1.74535856708796,0.505359973385263,-3.45369372132166,0.000552964992704869,0.0425640400411162,14.3966925186819,11.5466257016443,7.0205480396387,5.98501873439784,6.07060650221006,9.83273271263244,48.2125735246292,52.847541671305,40.1423147411997,7.28592769265369,12.1241222094825,10.5195015548233
"218","LOC101846899",22.3275559166636,-1.94173342834508,0.563937758000261,-3.44316974843203,0.000574938318634654,0.0433735577443373,8.8595030884196,10.1032974889388,9.12671245153032,8.97752810159676,7.80506550284151,11.6205022967474,67.2733584064593,79.2713125069575,38.3582118638131,8.50024897476263,11.0219292813477,7.01300103654886
"219","LOC101864153",39.3958217831473,-1.15943752881356,0.337125931472413,-3.4391822775236,0.000583474229785219,0.0436173508320351,38.7603260118358,33.1965488922273,28.0821921585548,17.2069288613938,21.6807375078931,27.7104285537823,78.4855848075359,102.091841865021,46.386674812053,26.7150682063969,22.0438585626955,30.3896711583784
"220","LOC106012722",5.54874011885309,-4.34718994084347,1.26391776110998,-3.4394563274637,0.000582883820688499,0.0436173508320351,1.10743788605245,1.44332821270554,0,0,0,0,29.151788642799,18.0162073879449,13.3807715803999,1.21432128210895,1.10219292813477,1.16883350609148
"221","LOC101858224",52.5900775524492,1.29973478220014,0.378608418443857,3.43292626070562,0.00059710446864558,0.044035785162983,56.479332188675,33.1965488922273,10.5308220594581,48.6282772169824,33.8219505123132,117.098907759532,30.2730112829067,31.2280928057712,21.4092345286398,64.3590279517742,106.912714029073,77.1430114020375
"222","LOC106011763",14.4292248161831,-2.43862519706144,0.71019491116038,-3.43374073615509,0.00059531330807078,0.044035785162983,2.2148757721049,7.21664106352768,4.21232882378322,2.99250936719892,6.93783600252579,5.36330875234497,61.667245205921,40.8367367460084,30.3297489155731,2.4286425642179,6.61315756880864,2.33766701218295
"223","LOC106013199",8.31751577323182,-2.92696550666975,0.852516891780612,-3.43332259441374,0.000596232242367862,0.044035785162983,1.10743788605245,2.1649923190583,2.80821921585548,1.49625468359946,2.60168850094717,2.68165437617248,34.7579018433373,28.8259318207118,18.7330802125599,2.4286425642179,2.20438585626955,0
"224","LOC101846350",14.9195738415341,-1.22315006254425,0.357705362447715,-3.41943451497189,0.000627514344459306,0.0444111308367176,11.0743788605245,18.0416026588192,21.0616441189161,12.7181648105954,11.2739835041044,9.83273271263244,29.151788642799,31.2280928057712,16.0569258964799,6.07160641054474,5.51096464067387,7.01300103654886
"225","LOC101855442",12.0575522760356,-2.71851040913128,0.794817749036704,-3.42029403901213,0.000625534829322097,0.0444111308367176,3.32231365815735,3.60832053176384,4.91438362774709,3.74063670899865,4.33614750157862,1.78776958411499,52.6974640850598,40.8367367460084,20.5171830899465,1.21432128210895,7.71535049694342,0
"226","LOC101856303",10.1336502002472,-2.97938118104492,0.870070517869603,-3.42429851357339,0.00061638872932522,0.0444111308367176,3.32231365815735,2.1649923190583,0.70205480396387,2.99250936719892,1.73445900063145,0.893884792057495,39.2427924037679,45.6410587161271,16.9489773351732,1.21432128210895,4.4087717125391,2.33766701218295
"227","LOC101860246",39.2857718426191,0.861706391162517,0.251400040172367,3.42763028427405,0.000608874061911725,0.0444111308367176,18.8264440628917,30.3098924668163,32.9965757863019,44.8876405079838,51.1665405186277,81.343516077232,24.6668980823684,28.8259318207118,31.2218003542664,54.6444576949026,37.4745595565823,35.0650051827443
"228","LOC101862681",9.02408177451907,-3.39679604297288,0.993083717485752,-3.42045286128822,0.00062516969237346,0.0444111308367176,3.32231365815735,2.88665642541107,0.70205480396387,1.49625468359946,0,0,38.1215697636603,38.4345757609491,15.1648744577866,1.21432128210895,1.10219292813477,5.84416753045739
"229","LOC101863199",1094.0386961566,0.580470887016403,0.169842977949213,3.41769141135748,0.000631546681519257,0.0444111308367176,1220.3965504298,817.645432497686,824.914394657548,1225.43258586796,967.828122352347,1492.78760273602,921.645010168493,641.376983010838,834.960146616954,1651.47694366817,1303.89423398344,1226.10634788996
"230","LOC106012167",37.9149776123023,-1.80986237291888,0.529580486340436,-3.41753976893218,0.000631898614604884,0.0444111308367176,19.9338819489441,14.4332821270554,16.147260491169,15.7106741777943,19.0790490069459,8.04496312851745,98.6675923294737,134.521015163322,70.4720636567728,19.4291405137432,19.8394727064259,18.7013360974636
"231","LOC106012609",10.4087551588802,-2.57598671520467,0.751288283871199,-3.42875933314341,0.000606346942089727,0.0444111308367176,1.10743788605245,5.05164874446938,6.31849323567483,2.24438202539919,2.60168850094717,3.57553916822998,28.0305660026914,39.6356562534788,26.7615431607998,6.07160641054474,0,3.50650051827443
"232","LOC118477572",23.6544060302815,0.836483759350102,0.244489710691095,3.42134545043073,0.000623121290585236,0.0444111308367176,16.6115682907868,18.0416026588192,13.3390412753135,23.9400749375913,30.3530325110503,32.1798525140698,24.6668980823684,13.2118854178263,16.0569258964799,34.0009958990505,27.5548232033694,33.8961716766528
"233","LOC118477738",58.2633023222706,-1.49610979865007,0.437165720355049,-3.42229440459099,0.000620950386445023,0.0444111308367176,31.0082608094686,37.526533530344,37.910959414049,33.6657303809878,48.5648520176805,31.2859677220123,145.758943213995,166.950188461623,98.125658256266,26.7150682063969,26.4526302752346,15.1948355791892
"234","LOC118477922",11.470388522628,-1.70998549803015,0.499914785777226,-3.42055395575388,0.000624937376601937,0.0444111308367176,15.5041304047343,7.93830516988045,11.2328768634219,9.72565544339649,9.53952450347296,3.57553916822998,26.9093433625837,30.0270123132415,15.1648744577866,1.21432128210895,3.30657878440432,3.50650051827443
"235","LOC101846911",12.2230850188493,-2.85416623356614,0.835737412750916,-3.41514713834739,0.000637475656998599,0.0446124453404211,2.2148757721049,4.32998463811661,1.40410960792774,1.49625468359946,6.07060650221006,0.893884792057495,43.7276829641986,50.4453806862457,26.7615431607998,4.85728512843579,3.30657878440432,1.16883350609148
"236","LOC100533297",7.91059415369604,-2.59550531534088,0.76026805996199,-3.41393444237371,0.000640319812346589,0.044621608618017,3.32231365815735,5.05164874446938,4.21232882378322,0,1.73445900063145,2.68165437617248,30.2730112829067,31.2280928057712,7.13641150954662,3.64296384632684,3.30657878440432,2.33766701218295
"237","LOC101861280",45.9024785172536,0.686112681768562,0.201079703541554,3.4121428950027,0.00064454316201293,0.0447264001791757,44.297515442098,36.0832053176384,28.7842469625187,53.1170412677808,48.5648520176805,50.9514331472772,38.1215697636603,30.0270123132415,33.8979546703464,63.1447066696653,78.255697897569,45.5845067375676
"238","LOC101855705",16.7006680563975,-2.70205959508473,0.793187579272599,-3.40658334257161,0.000657814634122175,0.045265353442566,6.6446273163147,5.05164874446938,0.70205480396387,4.48876405079838,3.46891800126289,2.68165437617248,57.1823546454904,72.0648295517796,32.1138517929598,1.21432128210895,6.61315756880864,8.18183454264034
"239","LOC101857469",53.0803219560199,-1.1472035523272,0.33675942307989,-3.40659673851219,0.000657782352832557,0.045265353442566,26.5785092652588,69.2797542098658,43.52739784576,41.8951311407849,32.9547210119975,17.8776958411499,94.1827017690431,112.901566297788,92.773349624106,32.7866746169416,42.9855241972562,29.2208376522869
"240","LOC101849893",37.2506641184322,-0.811203320050049,0.238429739599829,-3.40227406787232,0.000668275846129689,0.0456035874085015,31.0082608094686,35.3615412112856,52.6541102972903,30.6732210137889,31.220262011366,30.3920829299548,62.7884678460287,58.8529441339533,45.4946233733597,26.7150682063969,23.1460514908303,18.7013360974636
"241","LOC101858133",25.9756515763071,-0.967385935904593,0.284323561873812,-3.40241213049355,0.000667938300057318,0.0456035874085015,25.4710713792064,25.2582437223469,27.380137354591,17.2069288613938,18.2118195066302,14.3021566729199,40.3640150438756,52.847541671305,35.6820575477331,14.5718553853074,27.5548232033694,12.8571685670062
"242","LOC101848418",538.330812327863,0.482262340919965,0.142178611410299,3.39194718626314,0.000693978154715145,0.0465843458467154,428.578461902298,518.87649246764,554.623295131458,723.439139520339,712.862649259525,665.050285290776,429.428271161232,366.329550221546,396.070838779837,501.514689510995,537.87014892977,625.32592575894
"243","LOC101848812",11.8469203703805,-2.7773821230696,0.818693191312135,-3.3924578249127,0.000692685947160586,0.0465843458467154,2.2148757721049,1.44332821270554,3.51027401981935,2.24438202539919,2.60168850094717,2.68165437617248,56.0611320053828,42.0378172385381,18.7330802125599,4.85728512843579,1.10219292813477,4.67533402436591
"244","LOC106011316",4.5857444937839,-4.128579595109,1.21647141747803,-3.39389774045683,0.000689054171962167,0.0465843458467154,1.10743788605245,0.721664106352768,1.40410960792774,0,1.73445900063145,0,24.6668980823684,14.4129659103559,9.8125658256266,0,0,1.16883350609148
"245","LOC106012415",25.9052558005834,-1.90091864559918,0.560249104161323,-3.39298828231917,0.000691345955250449,0.0465843458467154,7.75206520236715,15.1549462334081,13.3390412753135,13.4662921523951,16.4773605059987,11.6205022967474,85.2129206481818,78.0702320144279,46.386674812053,7.28592769265369,4.4087717125391,11.6883350609148
"246","LOC101846985",20.3649834472407,-1.98718332238943,0.586440705393167,-3.38854943750394,0.000702633613962237,0.0469736277041583,11.0743788605245,5.05164874446938,11.2328768634219,5.23689139259811,15.610131005683,7.15107833645996,60.5460225658134,64.8583465966016,42.8184690572797,6.07160641054474,7.71535049694342,7.01300103654886
"247","LOC118477495",37.7404683928614,-1.26018829168459,0.372065430074737,-3.38700720309183,0.000706595326032191,0.0470472337324915,32.1156986955211,28.144900147758,27.380137354591,11.2219101269959,27.7513440101032,17.8776958411499,82.9704753679665,86.4777954621355,62.4436007085329,29.1437107706147,28.6570161315041,18.7013360974636
"248","LOC101854493",8.50656637974248,-3.11345845077622,0.919915037680226,-3.38450652858932,0.000713063231794863,0.0472864431858803,1.10743788605245,0.721664106352768,2.10616441189161,0.74812734179973,3.46891800126289,2.68165437617248,29.151788642799,33.6302537908305,24.9774402834132,1.21432128210895,1.10219292813477,1.16883350609148
"249","LOC101852541",11.0887194357271,-2.76879318568468,0.819349814048282,-3.37925650096202,0.000726821609988744,0.0476227418242027,2.2148757721049,2.1649923190583,2.10616441189161,3.74063670899865,1.73445900063145,5.36330875234497,34.7579018433373,49.244300193716,25.8694917221065,2.4286425642179,1.10219292813477,2.33766701218295
"250","LOC101852634",9.85373116711219,-1.91756993018618,0.567394466403619,-3.37960632986172,0.000725897223917245,0.0476227418242027,6.6446273163147,5.05164874446938,11.9349316673858,6.73314607619757,2.60168850094717,5.36330875234497,21.3032301620455,27.6248513281822,21.4092345286398,6.07160641054474,0,3.50650051827443
"251","LOC106012931",14.680695428809,-1.8870608563787,0.558405361243179,-3.37937453210967,0.000726509602932111,0.0476227418242027,11.0743788605245,7.21664106352768,6.31849323567483,6.73314607619757,10.4067540037887,3.57553916822998,52.6974640850598,32.4291732983008,29.4376974768798,4.85728512843579,4.4087717125391,7.01300103654886
"252","LOC101847612",4.62193663530128,-4.64117385169483,1.37527499791485,-3.37472422514163,0.000738896946613694,0.0481947989421557,0,2.1649923190583,0,0,0,0,11.2122264010766,22.8205293580635,16.9489773351732,1.21432128210895,1.10219292813477,0
"253","LOC101853021",6.02123530987843,-2.23504299108885,0.662472783167042,-3.37378839988553,0.000741413360839438,0.0481947989421557,4.4297515442098,4.32998463811661,7.0205480396387,1.49625468359946,4.33614750157862,1.78776958411499,20.1820075219378,16.8151268954152,7.13641150954662,1.21432128210895,0,3.50650051827443
"254","LOC101851517",95.0977805890704,0.532405302883298,0.158114431021614,3.36721512036126,0.000759314321779355,0.0490001622048189,78.628089909724,88.7646850813905,55.4623295131458,124.937266080555,105.801999038518,112.629483799244,90.8190338487201,84.0756344770762,70.4720636567728,129.932377185657,100.299556460264,99.3508480177756
"255","LOC101859330",29.4600645386289,-1.65631496210865,0.491918338778873,-3.36705268240305,0.000759761726999198,0.0490001622048189,18.8264440628917,11.5466257016443,30.8904113744103,23.1919475957916,10.4067540037887,8.04496312851745,70.6370263267823,74.4669905368389,62.4436007085329,21.8577830779611,16.5328939220216,4.67533402436591
"256","LOC101844975",11.3738020644104,-2.86541651962843,0.853867816835782,-3.35580808074831,0.000791334629629572,0.0491105257316526,1.10743788605245,2.88665642541107,2.10616441189161,0.74812734179973,0.867229500315724,3.57553916822998,42.6064603240909,33.6302537908305,37.4661604251197,3.64296384632684,5.51096464067387,2.33766701218295
"257","LOC101846237",8.20751472483744,-2.97994890185419,0.886869125379821,-3.36007739651322,0.000779206402160748,0.0491105257316526,5.53718943026225,5.05164874446938,0,3.74063670899865,0.867229500315724,2.68165437617248,34.7579018433373,26.4237708356525,16.0569258964799,0,2.20438585626955,1.16883350609148
"258","LOC101852611",9.28068241347107,-2.93979406861321,0.875683392395697,-3.35714265468769,0.000787524690031355,0.0491105257316526,1.10743788605245,2.1649923190583,2.10616441189161,2.24438202539919,0.867229500315724,1.78776958411499,38.1215697636603,37.2334952684195,17.8410287738665,1.21432128210895,5.51096464067387,1.16883350609148
"259","LOC101857243",897.950076727871,0.63440906352644,0.188908387262526,3.35828955357499,0.000784264134948547,0.0491105257316526,667.785045289628,948.98829985389,824.914394657548,1341.39232384692,978.234876356136,1052.99628504373,469.792286205108,562.105670503881,745.755002747621,1306.60969954923,1087.86442006902,788.962616611747
"260","LOC101859099",13.441798063699,-2.84143343950269,0.845759724410835,-3.35962254703257,0.000780490272697493,0.0491105257316526,2.2148757721049,2.1649923190583,2.80821921585548,5.23689139259811,3.46891800126289,2.68165437617248,49.3337961647368,61.2551051190127,24.0853888447198,3.64296384632684,4.4087717125391,0
"261","LOC101863458",8.40533088490788,-2.17194549420544,0.645493206855713,-3.3647844332635,0.000766034826065104,0.0491105257316526,3.32231365815735,7.93830516988045,2.80821921585548,3.74063670899865,3.46891800126289,2.68165437617248,34.7579018433373,18.0162073879449,16.0569258964799,2.4286425642179,3.30657878440432,2.33766701218295
"262","LOC106012485",3.67028505126362,-4.29292983584786,1.27892081841392,-3.35668148804694,0.000788839298482178,0.0491105257316526,1.10743788605245,1.44332821270554,0,0,0,0.893884792057495,14.5758943213995,13.2118854178263,11.5966687030133,1.21432128210895,0,0
"263","LOC118477412",14.3853803225978,-5.41975145824341,1.61310681226252,-3.35982181529674,0.000779927571162635,0.0491105257316526,0,97.4246543576237,2.10616441189161,0.74812734179973,0,0.893884792057495,3.36366792032297,64.8583465966016,0.892051438693327,0,0,2.33766701218295
"264","LOC118478064",7.13567955254819,-2.72190709529887,0.810670988353397,-3.35759776087152,0.000786229351412458,0.0491105257316526,3.32231365815735,2.1649923190583,3.51027401981935,1.49625468359946,1.73445900063145,0,23.5456754422608,30.0270123132415,11.5966687030133,4.85728512843579,2.20438585626955,1.16883350609148
"265","LOC118478135",23.5940665120149,-2.10395874673356,0.62598379129224,-3.361043490264,0.000776485981070783,0.0491105257316526,7.75206520236715,8.65996927623322,7.72260284360258,5.23689139259811,7.80506550284151,8.93884792057495,81.8492527278589,92.4831979247838,31.2218003542664,13.3575341031984,9.91973635321297,8.18183454264034
"266","LOC101847325",27.1248841120563,-1.6030377631791,0.477859641923726,-3.35462052565421,0.00079473923715839,0.0491363965951387,7.75206520236715,21.649923190583,20.3595893149522,10.4737827851962,13.0084425047359,11.6205022967474,82.9704753679665,75.6680710293686,36.5741089864264,17.0004979495253,13.2263151376173,15.1948355791892
"267","LOC101851674",133.259369939269,0.468689484457257,0.139814424383801,3.35222554126939,0.000801646822034244,0.0492524892971318,133.999984212347,113.301264697385,128.476029125388,145.136704309148,131.81888404799,142.127681937142,95.3039244091507,100.890761372491,96.3415553788793,168.790658213144,166.431132148351,176.493859419813
"268","TRNAQ-UUG",14.0597860221711,-2.24596572172187,0.670058634373822,-3.35189430671354,0.000802606538467185,0.0492524892971318,6.6446273163147,8.65996927623322,2.10616441189161,2.99250936719892,8.67229500315723,3.57553916822998,39.2427924037679,55.2497026563643,27.6535945994931,6.07160641054474,5.51096464067387,2.33766701218295
"269","LOC101860476",4.46888636957566,-5.1047998223053,1.52383396097987,-3.34997116025868,0.000808199746630753,0.0493051455104716,0,0,0.70205480396387,0,0,0,30.2730112829067,14.4129659103559,7.13641150954662,0,1.10219292813477,0
"270","LOC106013432",382.70255764907,-3.46082341938733,1.03322369854783,-3.34953933427139,0.000809460615823138,0.0493051455104716,44.297515442098,42.5781822748133,24.5719181387355,38.9026217735859,21.6807375078931,6.25719354440246,1594.37859423309,1650.28459673575,853.693226829514,85.0024897476263,165.328939220216,65.4546763411227
"271","LOC101850750",27.1316506704292,-1.8831210812244,0.56239835297855,-3.34837588206134,0.000812866816845169,0.0493299176008696,19.9338819489441,7.21664106352768,11.9349316673858,11.9700374687957,8.67229500315723,7.15107833645996,89.6978112086124,86.4777954621355,41.034366179893,14.5718553853074,18.7372797782912,8.18183454264034
"272","LOC101864421",522.951420388446,-0.619318429181319,0.18511696472507,-3.34555198709698,0.000821189632781833,0.049651781987978,426.363586130193,555.681361891632,723.116448082787,363.589888114669,313.937079114292,347.721184110366,585.278218136196,738.664502905741,769.840391592341,425.012448738132,561.0162004206,465.195735424408
