"","gene_id","baseMean","log2FoldChange","lfcSE","stat","pvalue","padj","AC178Pp","AC185Pp","AC186Pp","AC178A","AC186A"
"1","LOC100533236",585306.403395979,-12.2799835791987,0.262721460320989,-46.7414560051366,0,0,319.238603700265,299.900462123108,263.156656523803,1328615.38513545,1597034.33612209
"2","LOC101845620",28554.4310482461,-10.9884346182387,0.336983503582721,-32.6082271132339,3.13551893041593e-233,2.03793052882383e-229,19.3477941636524,38.8759858307733,47.2074918191555,75095.637539571,67571.0864298459
"3","LOC100533237",123791.737704111,-8.47392393384845,0.283677918398191,-29.8716374601771,4.59743063368135e-196,1.99206669357413e-192,877.422465321638,882.114630874451,840.695120268791,237294.704836446,379063.751467645
"4","LOC100533366",60732.1953029281,6.95786987058785,0.301200302806419,23.1004743546346,4.5794253104752e-118,1.48819874027168e-114,73500.3352482993,99117.1027316873,129423.858688453,875.767263141498,743.912583059313
"5","LOC101856039",30619.6674210933,-6.70666164174168,0.301959247230624,-22.2104860283329,2.71979765691164e-109,7.07092994843889e-106,503.042648254964,775.668479194953,888.907026807503,82340.1102529007,68590.6086983087
"6","LOC100533452",11315.5808027838,7.31434145520421,0.332565932032511,21.9936582514687,3.31183055951419e-107,7.17508090718749e-104,12285.8492939193,19427.8111095738,24628.2489235254,118.043084248854,117.951602651477
"7","LOC106011723",2051.3904094741,-6.42624659674891,0.310937239720238,-20.6673430385207,6.81670291443423e-95,1.26586173121044e-91,39.6629780354875,62.9420722974425,73.3222745276246,5230.99496199922,4850.02976051072
"8","LOC101845589",1365.96815706641,-6.34991581964756,0.327735673124333,-19.3751133622814,1.25185529888658e-83,2.03410837877833e-80,27.0869118291134,49.9834103538514,46.203077099599,3800.9873128131,2905.58007323637
"9","LOC106014153",524.638501824468,-7.27325218359191,0.414958978447549,-17.5276414329019,8.81508867393078e-69,1.27319264080474e-65,7.73911766546098,4.62809355128254,13.0573913542345,1401.90215293639,1195.86575361497
"10","LOC100533412",409.445172431835,-5.81903527826312,0.365186810702803,-15.9344070150408,3.65652895046815e-57,4.75312198271354e-54,13.5434559145567,21.2892303358997,18.079464952017,821.804710342022,1172.50900061468
"11","LOC101862698",498.159519008959,-5.10199317802292,0.320344274486705,-15.9265939314756,4.14319534105324e-57,4.89612693075919e-54,44.4999265764006,29.6197987282082,30.132441586695,1187.17616158848,1199.36926656501
"12","LOC101851187",426.868745199016,-6.31117358880543,0.410392726831984,-15.3783758243582,2.2861063523482e-53,2.47642470618118e-50,23.2173529963829,8.33056839230857,8.03531775645201,1182.67928218852,912.081204661418
"13","GnRH",17714.8215674622,4.69589010758886,0.316565698900856,14.8338563650244,8.849931850067e-50,8.84925108607853e-47,22501.4846123278,23116.401669946,40735.0433663335,1084.87215523947,1136.30603346423
"14","LOC101856965",9716.31386136936,4.15107024375992,0.30923075056594,13.423859807483,4.38278014972046e-41,4.06941136901545e-38,13330.6301787565,12003.4234346064,21490.4573396309,856.655525691684,900.402828161272
"15","LOC101861968",24366.3126626631,-4.03671296002391,0.301453348045127,-13.3908380391238,6.84045275397969e-41,5.9279363565988e-38,3251.39680920179,3346.11163757727,3604.84442848828,71962.4368176514,39666.7736203966
"16","LOC101853324",201.546953058811,-5.6567852973768,0.42672344973943,-13.2563263182068,4.14719404682446e-40,3.36933596341695e-37,6.77172795727836,6.47933097179555,16.070635512904,457.557478945558,520.85559190652
"17","LOC100533370",27169.888926031,5.58103678780789,0.422208363639305,13.2186788999182,6.8455732200617e-40,5.23444742868129e-37,22583.7127375233,50129.6581100719,61270.3023076661,1335.57318178703,530.198293106637
"18","LOC101851270",10221.2953233791,-4.73996867995966,0.365741583153362,-12.9598845148874,2.06558268090654e-38,1.49169495939467e-35,495.303530589503,1058.90780453344,1162.10783052687,18460.8141566708,29929.3432945747
"19","LOC101856757",2303.16885424337,4.00769076341121,0.329170228345169,12.1751313402764,4.21714701933452e-34,2.88519442654365e-31,2520.05018981573,3633.05343775679,4904.55707559439,260.819005197468,197.364562852471
"20","LOC101850568",1426.67921802,-3.70659177419582,0.306255045706905,-12.1029574080655,1.01873722039387e-33,6.62128256394998e-31,212.825735800177,234.181533694896,288.267024512716,3955.00543226161,2443.11636383058
"21","LOC101856141",798.622035172171,4.54263671610319,0.390200413432029,11.6418039544043,2.52615277402915e-31,1.56368856712404e-28,829.052979912507,1066.3127542155,1986.73231528276,58.4594321994325,52.5526942506579
"22","LOC106012346",198.237960877578,-4.89808815501166,0.421108835713496,-11.6314067519213,2.85355732879831e-31,1.68606325986587e-28,25.1521324127482,7.40494968205206,15.0662207933475,542.998187544729,400.568313955015
"23","LOC101860270",217.048510359069,-8.3942460014463,0.722957973274659,-11.6109736827776,3.6246441613951e-31,2.04855432408587e-28,2.90216912454787,1.85123742051301,0,595.836520494216,484.652624756067
"24","LOC100533365",3521.80144191871,3.35625056837675,0.293614425278333,11.4308095223699,2.93361045610914e-30,1.58891676329011e-27,4186.86265701439,6776.45457778789,5569.4796199408,585.718541844314,490.49181300614
"25","LOC100533301",44293.4618643993,-3.15619040477188,0.279033189996589,-11.3111648288523,1.15545280384488e-29,6.00789239887183e-27,8301.17108591508,12965.1412745629,10630.725391786,91809.4140493588,97760.8575203738
"26","LOC101852033",205.388784293064,-3.93796912130157,0.358582898887179,-10.9820327001723,4.66311320357526e-28,2.3313772512798e-25,31.9238603700265,31.4710361487212,28.123612147582,572.227903644445,363.197509154547
"27","LOC100533371",368.018262234525,-3.35831691486959,0.307095258217404,-10.9357498203118,7.77604687062716e-28,3.74373456560305e-25,92.8694119855317,80.5288277923161,61.2692978929466,821.804710342022,783.61906315981
"28","LOC101849693",581.977630440607,3.85212510772992,0.359095765242345,10.727291938768,7.57845996715275e-27,3.51830003975067e-24,608.488126446869,1245.88278400526,927.07478615065,60.7078718994107,67.734583700848
"29","LOC101845286",143.775126390552,-4.0944728785187,0.393345315514372,-10.4093597076767,2.24728028598457e-25,1.00732401508667e-22,16.4456250391046,17.5867554948736,24.105953269356,397.973826896137,262.763471253289
"30","LOC101854008",86.2655675432227,-4.85836248330319,0.48160603846559,-10.0878354822586,6.25331718271772e-24,2.70956233527159e-21,7.73911766546098,7.40494968205206,6.026488317339,174.254076748308,235.903205302953
"31","LOC101857158",1095.32832043733,3.45827571333458,0.345464006576436,10.0105239547421,1.3702489499608e-23,5.74576325823884e-21,2047.96401222261,1781.81601724378,1333.86274757103,210.229111947959,102.769713201287
"32","LOC100533336",11819.8140357099,3.56694584894738,0.358636732331393,9.94584638823721,2.62929297670506e-23,1.06806810638091e-20,11845.6869766962,18344.8372185737,25761.2287271851,2016.85041088042,1130.46684521415
"33","LOC118477214",154.366875059755,-3.60290812663483,0.363003936077629,-9.92525911857976,3.2326200358814e-23,1.27335841958855e-20,20.3151838718351,33.3222735692343,31.1368563062515,321.526877096879,365.533184454576
"34","LOC101849491",1911.46379395948,3.22840578175803,0.328459057826133,9.82894429255459,8.44999050481788e-23,3.23063019329787e-20,2261.75713773097,2637.08770552079,4023.68536654334,254.073686097534,380.715073904766
"35","LOC100533266",258.311683221822,-3.38088413193556,0.346833841840699,-9.74784961580652,1.88416995669259e-22,6.99780721915629e-20,39.6629780354875,67.570165848725,55.2428095756076,667.786590893517,461.295871755775
"36","MRP",29530.5298615952,-3.71110696381884,0.384548985299387,-9.65054415870996,4.88955748295899e-22,1.76553771447178e-19,8235.38858575866,2705.58349007977,4232.6036282111,66683.1004021027,65795.9732018237
"37","LOC100533443",33777.4567817949,3.01597646901617,0.313269816595504,9.62740841678478,6.12548424382397e-22,2.15203161312075e-19,35458.7023637258,53607.2076045056,66962.3205233928,7224.23675602987,5634.81666132054
"38","ATRP",3904.40493955609,2.93462922984817,0.308200524787741,9.5218177576734,1.70175875878415e-21,5.82135844879871e-19,4105.60192152705,6964.35517596996,6886.26731727937,699.264746693212,866.535536310848
"39","LOC101861775",689.781968678907,-3.79677963404631,0.405542136283354,-9.36223216862841,7.80696185173532e-21,2.60212043873609e-18,68.6846692809662,102.743676838472,164.724014007266,951.089993090767,2161.66749017706
"40","LOC101851430",2479.25275607471,2.64360732299493,0.284529131310361,9.2911657615519,1.52607577182263e-20,4.95936473948058e-18,3644.15703072394,4129.18506645428,3428.06743784634,718.376484143026,476.477761205965
"41","LOC118477667",355.240973808998,3.37844834149281,0.365929535907947,9.23251066113091,2.64361401110125e-20,8.38154598300127e-18,598.814229365043,406.346613802607,663.918129626847,38.2234748996289,68.9024213508626
"42","LOC101856227",114.397393543983,-3.76566000155663,0.408793318200912,-9.21164763193586,3.21156836363703e-20,9.93980408545661e-18,26.1195221209308,17.5867554948736,13.0573913542345,295.66982054713,219.553478202749
"43","LOC101845765",15837.6004208674,2.78875068721191,0.308552523765667,9.03817169659534,1.59313995192905e-19,4.81609912444783e-17,18712.2191253765,20951.379506656,32557.0987197044,3913.40929781201,3053.89545478823
"44","ELH",22871.1461615743,-8.44458215541316,0.944506413065696,-8.94073564625526,3.86588155418383e-19,1.14210441642808e-16,283.445184497508,131.437856856424,75.3311039667376,23594.001991721,90271.5146708301
"45","LOC118478957",1055.83233997354,2.66398257404164,0.301717524696522,8.8293929121988,1.05245395459316e-18,3.04018865683478e-16,1374.66077532751,1865.12170116686,1536.75452092145,198.986913448068,303.637789003801
"46","LOC101847635",27739.2280867297,-3.72121473365267,0.422717026606232,-8.80308693389596,1.3310337632367e-18,3.76132780180736e-16,2409.76776308291,5223.26638197747,6530.70450655637,34975.6037530105,89556.7980290211
"47","LOC101852563",576.480586527666,2.52012379858334,0.292736362027191,8.60885125828428,7.37963270842187e-18,2.04101799099523e-15,959.650590517161,914.511285733429,708.112377287333,150.645459898538,149.483219201871
"48","LOC101854325",236.877953336691,7.84318592014215,0.925316600641181,8.47621875010926,2.32631165183219e-17,6.29994274211804e-15,207.021397551081,546.115039051339,427.880670531069,3.37265954996726,0
"49","LOC101859008",44042.136639603,-3.21160401078128,0.379529206349703,-8.4620734242573,2.62665049776418e-17,6.96812853478297e-15,6664.34769967008,9416.31913943945,14607.2032665102,129453.915726243,60068.897366152
"50","LOC101862801",1182.23812123744,2.63750703863857,0.313212410273726,8.42082545941766,3.73840867125316e-17,9.71911486352398e-15,1917.36640161796,1699.43595203095,1722.5712440394,372.116770346388,199.7002381525
"51","LOC106011730",85.645953070198,-3.52498037667489,0.41997087716813,-8.39339241912174,4.72311841421182e-17,1.20383953463411e-14,12.5760662063741,14.8098993641041,22.097123830243,201.235353148046,177.511322802222
"52","LOC101853874",6093.94287850952,2.38139839504097,0.289233247999033,8.23348771801273,1.81840031260963e-16,4.54565108915625e-14,7947.10645272024,9726.40140737538,9340.0524771559,2123.65129662938,1332.50275866668
"53","LOC101858445",444.930679497985,3.12281190987826,0.379504314794177,8.22865982847102,1.89319573280186e-16,4.64333043975308e-14,849.368163784342,672.924802356481,544.392777999623,112.421984998909,45.5456683505702
"54","LOC101850455",286.027755999406,-2.7683863960114,0.34147695977554,-8.10709571102869,5.18440225761056e-16,1.24800083234592e-13,104.478088483723,98.1155832871898,55.2428095756076,637.432654943812,534.869643706696
"55","LOC100533519",3758.49325469119,2.09586778696705,0.260177277465457,8.05553739121322,7.91303743868561e-16,1.87021043028135e-13,5651.49067520288,5369.514138198,5236.01393304804,1111.85343163921,1423.59409536782
"56","LOC101853558",848.140994138392,2.76314750691558,0.344892937732115,8.01160941446059,1.13216945339246e-15,2.62804834368725e-13,1435.60632694301,1434.70900089759,991.357328202266,254.073686097534,124.958628551564
"57","LOC101861132",195.585353112683,-2.54405832653705,0.31797313752464,-8.00085927491251,1.23553931095734e-15,2.81767991283062e-13,64.8151104482357,62.016453587186,73.3222745276246,421.582443745907,356.190483254459
"58","LOC106012996",1967.85594567838,2.40918020767769,0.302095768153521,7.97488896452655,1.52517875769183e-15,3.41824115021312e-13,2347.85482175922,2511.2035609259,3883.06730580543,557.613045594587,539.540994306754
"59","LOC101856076",140.177091183471,7.0804890152563,0.892524247592143,7.93310549753476,2.13732719415416e-15,4.70900274522202e-13,232.173529963829,221.222871751305,244.07277685223,2.24843969997817,1.16783765001462
"60","LOC101860629",670.354006494602,-3.32846355642796,0.42004547876806,-7.92405519085675,2.29887508971768e-15,4.98051288187336e-13,140.27150768648,154.578324612837,140.61806073791,2282.16629547785,634.135843957939
"61","LOC101845678",125.315435779235,6.17784156312787,0.780622239525591,7.91399636126475,2.49255587843712e-15,5.31159571537772e-13,148.978015060124,131.437856856424,340.496589929654,4.49687939995635,1.16783765001462
"62","LOC101845403",101.35253079029,-2.95737001695191,0.374783744272945,-7.89087056774304,3.00085758393844e-15,6.29163673122836e-13,23.2173529963829,28.6941800179517,30.132441586695,220.347090597861,204.371588752558
"63","LOC100533357",8387.81796740306,2.36617708383738,0.299995152240365,7.887384399937,3.08585772427266e-15,6.36715310441592e-13,13605.3688558804,12513.4393439577,11018.4294735348,3047.76001332041,1754.09215032196
"64","LOC118478672",126.790717064876,-8.93816365441934,1.13396648271634,-7.88221150329644,3.21636992104874e-15,6.53274884433009e-13,0.967389708182622,0,1.0044147195565,507.023152345078,124.958628551564
"65","LOC101859434",67.711023297425,-7.44305219143425,0.944977366809068,-7.87643434949921,3.36855786586352e-15,6.73659749205537e-13,0.967389708182622,0.925618710256507,1.0044147195565,228.216629547785,107.441063801345
"66","LOC101846311",1990.35869288015,2.56803713560838,0.326138990396008,7.87405741487761,3.4332126587071e-15,6.76186838644449e-13,3401.3422139701,3132.29371550802,2412.60415637472,661.041271793583,344.512106754313
"67","LOC101854038",47.5096332483708,-4.2487769015764,0.545731589677314,-7.78546996718417,6.94545417541683e-15,1.34752177352602e-12,3.86955883273049,6.47933097179555,7.03090303689551,104.552446048985,115.615927351447
"68","LOC101859228",206.04696099175,2.61675485579765,0.337484607810376,7.7537013399673,8.92520994221166e-15,1.70615888292367e-12,342.455956696648,293.421131151313,293.289098110498,43.8445741495744,57.2240448507164
"69","LOC106013288",48.0287889138161,-6.19242878947898,0.803557329687853,-7.70626881330853,1.29549599280879e-14,2.44060179862629e-12,0.967389708182622,1.85123742051301,2.008829439113,75.3227299492688,159.993758052003
"70","LOC101862730",133.571512444683,2.95722720830365,0.385102322340679,7.67906874809119,1.60249224575347e-14,2.9758281003642e-12,207.988787259264,186.049360761558,220.97123830243,22.4843969997817,30.3637789003801
"71","LOC101852657",1296.04158298669,2.29173589674705,0.30037570170756,7.62956485401151,2.35547413176961e-14,4.31250820265819e-12,2243.3767332755,1956.75795348226,1503.60883517608,455.30903924558,321.15535375402
"72","LOC101857079",268.053282651294,2.52179776126566,0.332566588716956,7.58283557886788,3.38083189756602e-14,6.10381025506399e-12,337.619008155735,406.346613802607,457.008697398208,82.0680490492033,57.2240448507164
"73","LOC101847487",1087.83145933288,-3.17140440881746,0.419600256923126,-7.55815649893296,4.08821991614089e-14,7.26339143599156e-12,153.814963601037,261.024476292335,361.58929904034,1245.63559378791,3417.09296394278
"74","LOC101852515",1410.92501452912,2.27376260925686,0.300894374198789,7.55668036436826,4.13486396079218e-14,7.26339143599156e-12,1619.41037149771,2698.17854039772,1882.27318444888,423.830883445886,430.932092855395
"75","LOC106013926",153.452996679939,-2.79443840087001,0.3724162984942,-7.50353411536722,6.21198063470649e-14,1.07666048360733e-11,59.01077219914,48.1321729333384,29.1280268671385,351.880813046584,279.113198353494
"76","LOC101846321",639.977712273177,2.40734793626718,0.326849363879244,7.36531320635087,1.76731432612327e-13,3.02280512174689e-11,1186.01978223189,926.544328966764,730.209501117576,216.974431047894,140.140518001754
"77","LOC101861962",159.780010714689,2.75305968349798,0.377186893650529,7.29892721577103,2.90071171048128e-13,4.89692876942158e-11,242.814816753838,269.355044684644,214.944749985091,46.0930138495525,25.6924283003216
"78","LOC106011873",350.828141765108,-6.69911194142806,0.922203227027874,-7.26424690902278,3.75122262338151e-13,6.2515567796585e-11,14.5108456227393,7.40494968205206,3.0132441586695,430.57620254582,1298.63546681626
"79","LOC101856281",101.472474267838,3.19649770866178,0.441395580117214,7.24179817979361,4.4277441062258e-13,7.28560071352267e-11,120.923713522828,183.272504630788,168.741672885492,15.7390778998472,18.6854024002339
"80","LOC101848864",3941.44896745047,2.62301491333582,0.362811119782063,7.22969823778123,4.84068427570955e-13,7.86550686249355e-11,6182.58762499514,7062.47075925715,4537.94570295627,1363.67867803676,560.562072007017
"81","LOC101855251",72.8364587458638,3.97089322570453,0.549685883865823,7.22393159849419,5.05056688455238e-13,8.10522455954277e-11,127.695441480106,121.256051043602,100.44147195565,10.1179786499018,4.67135060005848
"82","LOC101860677",100.459178837663,-2.88653633970086,0.401058335724042,-7.19729795539522,6.1417458116019e-13,9.73616509817233e-11,32.8912500782092,29.6197987282082,22.097123830243,160.763438548439,256.924283003216
"83","LOC101857070",58.6887232882173,-3.43852126657887,0.478402975006507,-7.18749975694047,6.59885197269904e-13,1.03347562401343e-10,14.5108456227393,11.1074245230781,10.044147195565,158.514998848461,99.2662002512427
"84","LOC101861028",341.444371852865,2.35603607256551,0.328926741881022,7.16279880161806,7.904632452361e-13,1.22324187200286e-10,442.097096639458,426.71022542825,641.821005796604,110.17354529893,86.4199861010819
"85","LOC101864271",264.140306023199,2.19996461334425,0.30912480811321,7.11675205484823,1.10500006503986e-12,1.68987009946507e-10,347.292905237561,395.239189279529,410.805620298609,80.9438291992142,86.4199861010819
"86","LOC101863483",379.373274449568,-2.44414894400072,0.344046665882728,-7.10412041846043,1.21091242604544e-12,1.83030821234473e-10,135.434559145567,177.718792369249,96.4238130774241,585.718541844314,901.570665811287
"87","LOC101853092",250.397504708615,2.29521849226644,0.327415407736874,7.01011143040338,2.38128394330388e-12,3.54978873756454e-10,423.716692183989,346.181397635934,332.461272173202,86.5649284491597,63.0632331007895
"88","LOC106011724",35.1842792199907,-8.95283010079603,1.27736364391055,-7.00883428417268,2.40311876994907e-12,3.54978873756454e-10,0,0,0,101.179786499018,74.7416096009357
"89","LOC101845424",438.348324612063,-2.39863624343518,0.344019425986047,-6.97238604058499,3.11610058083461e-12,4.55125746632237e-10,159.619301850133,223.999727882075,101.445886675207,830.798469141935,875.878237510965
"90","LOC101849085",162.995550218368,-2.34958379126043,0.337214518519995,-6.96762346287032,3.22339543273297e-12,4.65565747001066e-10,62.8803310318704,74.0494968205206,48.211906538712,321.526877096879,308.30913960386
"91","LOC101856414",34.1005674222621,-4.64525657199218,0.66806629217327,-6.9532868615191,3.5687196873965e-12,5.09777881499638e-10,4.83694854091311,2.77685613076952,2.008829439113,67.4531909993452,93.4270120011696
"92","LOC100533239",47909.2194932141,-6.76428740377643,0.974851146199729,-6.93879001952832,3.95472428299445e-12,5.58776749507009e-10,2142.76820362451,794.180853400083,323.421539697193,148889.428492855,87396.2983764941
"93","LOC100533398",2453.7901028503,2.38067289428742,0.343700531553693,6.92659066753731,4.31103626901115e-12,6.02571617858881e-10,4293.27552491448,3461.81397635934,3121.7209483816,961.207971740669,430.932092855395
"94","LOC101860325",45.1058343396752,-3.70674894641251,0.535901164958421,-6.91685181669666,4.61790675526335e-12,6.38597552251791e-10,10.6412867900088,4.62809355128254,8.03531775645201,85.4407085991706,116.783765001462
"95","LOC101848767",141.620003536932,-3.57369005719344,0.518137978522364,-6.8971783681732,5.30455631675343e-12,7.18270078765395e-10,41.5977574518528,17.5867554948736,20.08829439113,498.029393545165,130.797816801637
"96","LOC101863505",149.709381001688,2.49708334951219,0.361990424206701,6.89820277700585,5.26645381739601e-12,7.18270078765395e-10,187.673603387429,227.702202723101,254.116924047795,39.347694749618,39.7064801004971
"97","LOC101848059",77.6165148476208,-3.00265082578689,0.43756618796778,-6.86216373283393,6.78252583061081e-12,9.08928384248556e-10,23.2173529963829,12.0330432333346,26.114782708469,187.744714948177,138.97268035174
"98","LOC118478744",101.154352277503,3.14796178343301,0.464295833106804,6.78007761208762,1.20111340450346e-11,1.59319113725923e-09,108.347647316454,182.346885920532,179.790234800614,23.6086168497708,11.6783765001462
"99","LOC106012410",403.932891889598,2.01131005482341,0.298753048361324,6.73234989853845,1.66944577551319e-11,2.19203289251474e-09,664.596729521461,581.288550041087,487.141138984903,137.154821698669,149.483219201871
"100","LOC101846793",301.140721996329,2.05575757757443,0.308468692794687,6.66439617891048,2.65755687737004e-11,3.45455818489331e-09,419.847133351258,400.792901541068,477.096991789338,118.043084248854,89.9234990511257
"101","LOC101857937",278.117709749963,-2.04166047471745,0.308047254269431,-6.62775092593983,3.40839938319717e-11,4.3867112457604e-09,147.043235643759,114.776720071807,109.481204431659,457.557478945558,561.729909657032
"102","LOC101851570",6480.97532528563,1.75664714972555,0.266184942840257,6.59934829889963,4.12969076109499e-11,5.26292649053665e-09,10126.6354652557,8740.6174809522,8198.03294102016,3003.91543917084,2335.67530002924
"103","LOC101863881",26.9173936901021,-8.56551408718926,1.29980724301849,-6.58983409516776,4.40318326164563e-11,5.51839130740674e-09,0,0,0,52.8383329494871,81.7486355010234
"104","LOC106013432",95.3345537611031,-2.74061098064689,0.415909897004128,-6.58943439525722,4.41505266536119e-11,5.51839130740674e-09,18.3804044554698,40.7272232512863,28.123612147582,166.384537798385,223.056991152792
"105","LOC101845892",70.4871117491157,3.60970123491349,0.549155889757456,6.5731813174357,4.92514211523176e-11,6.09732593865692e-09,146.075845935576,101.818058128216,86.3796658818591,13.490638199869,4.67135060005848
"106","LOC101863661",61.9292341508882,-3.96780037051221,0.609581022339188,-6.50906151127587,7.56217548707152e-11,9.27365275060781e-09,17.4130147472872,3.70247484102603,6.026488317339,213.601771497926,68.9024213508626
"107","LOC101856418",50.2607081187343,-3.81677813807825,0.589527352202509,-6.47430203843561,9.52511990193838e-11,1.15716853836726e-08,12.5760662063741,4.62809355128254,7.03090303689551,167.508757648374,59.5597201507456
"108","LOC101851163",171.156160953628,2.46288398668542,0.382572645705438,6.43768971548926,1.21305656608689e-10,1.46004836134846e-08,249.586544711117,298.049224702595,215.949164704648,61.8320917493998,30.3637789003801
"109","LOC118478627",69.6676143243795,-2.73815698277556,0.431557047461272,-6.34483204221402,2.22668239026008e-10,2.65547196247622e-08,28.054301537296,13.8842806538476,22.097123830243,137.154821698669,147.147543901842
"110","LOC101860667",871.542553428633,-5.88483800029803,0.930279330436912,-6.32588278354435,2.51788901795334e-10,2.97545812221595e-08,59.01077219914,27.7685613076952,21.0927091106865,3489.57841436612,760.262310159517
"111","LOC101862686",147.941972418894,-2.36167151688744,0.373712475188073,-6.31948803876271,2.62431259144043e-10,3.07328282667876e-08,62.8803310318704,49.9834103538514,54.238394856051,201.235353148046,371.372372704649
"112","LOC101849091",355.901667705349,-2.31930235591045,0.371175641140212,-6.24853061150726,4.14332028006286e-10,4.80884110004795e-08,198.314890177438,118.479194912833,94.4149836383111,853.282866141717,515.016403656447
"113","LOC101859155",164.860791929741,2.28342791940064,0.368197841797202,6.20163309012094,5.58802349330254e-10,6.42820507871148e-08,282.477794789326,215.669159489766,226.997726619769,62.9563115993888,36.2029671504532
"114","LOC101846682",35.9244987914463,-3.71906196595819,0.60800149060581,-6.11686323704984,9.5435202117195e-10,1.08821244940475e-07,11.6086764981915,2.77685613076952,4.017658878226,88.8133681491378,72.4059343009064
"115","LOC101845529",75.8066564063057,-2.73336199191982,0.451065685829125,-6.0597870283471,1.36301897584059e-09,1.54068553625668e-07,32.8912500782092,13.8842806538476,23.1015385497995,188.868934798167,120.287277951506
"116","LOC101852841",73.0384732966912,3.03870213530251,0.504189937573008,6.02689960440255,1.67134749363141e-09,1.87291776463058e-07,75.4563972382445,126.809763305141,135.595987140128,17.9875175998254,9.34270120011696
"117","LOC101857653",56.204896071775,-4.06498994350231,0.682987864595065,-5.95177477408386,2.65250233168825e-09,2.93578766697201e-07,12.5760662063741,6.47933097179555,4.017658878226,33.7265954996726,224.224828802807
"118","LOC101861864",119.805042738884,2.42150334497031,0.406906569805261,5.95100577051188,2.6649968820886e-09,2.93578766697201e-07,227.336581422916,175.867554948736,129.569498822789,38.2234748996289,28.0281036003509
"119","LOC106012205",1136.95377536239,-1.92681628108358,0.324951764021989,-5.92954553388175,3.03774267729421e-09,3.31828714807962e-07,356.966802319388,700.693363664176,550.419266316963,1781.8884622327,2294.80098227873
"120","LOC101863735",542.233392452529,1.72908377371351,0.292128046456029,5.91892423438972,3.24054194057346e-09,3.5103170571262e-07,697.487979599671,793.255234689827,766.36843102161,186.620495098188,267.434821853348
"121","LOC101857476",147.305169102036,2.36691384123236,0.400570785064208,5.90885289063945,3.4449816758475e-09,3.70093527308609e-07,258.29305208476,208.264209807714,185.816723117953,58.4594321994325,25.6924283003216
"122","LOC101849195",255.903307650872,-2.28210589182587,0.386347778732736,-5.90686945143421,3.48669833477573e-09,3.71504849620899e-07,160.586691558315,65.718928428212,75.3311039667376,501.402053095133,476.477761205965
"123","LOC101856136",224.116655191148,-2.08584190655596,0.354522638718565,-5.88352245739597,4.0162557083818e-09,4.24449658156544e-07,66.7498898646009,108.297389100011,117.516522188111,330.520635896791,497.498838906228
"124","LOC101858770",91.3419962163269,-2.24039882538686,0.381039084922121,-5.87970870716522,4.10989095990904e-09,4.3084252086982e-07,44.4999265764006,32.3966548589778,33.1456857453645,155.142339298494,191.525374602398
"125","LOC101849508",219.234547379956,2.84665998344931,0.485352343651164,5.86514110972395,4.48750896163005e-09,4.66665031937832e-07,479.825295258581,268.429425974387,255.121338767351,76.4469497992579,16.3497271002047
"126","LOC101845040",1669.21293866156,1.77752624691112,0.30371492513266,5.85261407925447,4.83906101694424e-09,4.99229794914747e-07,1812.88831313423,2196.49319943869,2978.08964348503,772.339036942503,586.254500307339
"127","LOC101848113",26.267180880435,-4.40828526200343,0.753611671775971,-5.84954483469558,4.92920007638598e-09,5.01212383857416e-07,3.86955883273049,2.77685613076952,2.008829439113,88.8133681491378,33.867291850424
"128","LOC101850987",1345.26596451698,2.36067091586264,0.403579301679471,5.8493359447297,4.93539388674123e-09,5.01212383857416e-07,2514.24585156664,1906.7745431284,1532.73686204322,585.718541844314,186.854024002339
"129","LOC101857749",23.6008655570818,-5.47321837061846,0.938158991315375,-5.83399873719119,5.41145308217816e-09,5.45298283839023e-07,2.90216912454787,0.925618710256507,0,37.0992550496399,77.0772849009649
"130","LOC101862241",405.746362877079,-1.68054847554968,0.288127673735556,-5.83265208010561,5.45532434967859e-09,5.454904709344e-07,183.804044554698,212.892303358997,250.099265169569,682.401448943376,699.534752358757
"131","LOC101854756",789.687628886046,2.01793495254047,0.346437106658515,5.82482336261272,5.71730369845665e-09,5.67322372337694e-07,1353.37820174749,1201.45308591295,835.673046671009,368.74411079642,189.189699302368
"132","LOC101859313",50.8551809592052,-2.70967092177611,0.466187154517551,-5.81241009220921,6.15797586296164e-09,6.06420668504836e-07,15.478235330922,12.9586619435911,19.0838796715735,119.167304098843,87.5878237510965
"133","LOC101847152",66.0035673257185,-3.6451645119605,0.628117074411736,-5.80332020965101,6.50144606143065e-09,6.35430807161932e-07,8.7065073736436,19.4379929153867,7.03090303689551,46.0930138495525,248.749419453114
"134","LOC101862351",33.3189346165437,-4.10896596711637,0.713076622142264,-5.76230637707908,8.29722041773929e-09,8.04892300076067e-07,4.83694854091311,8.33056839230857,0,109.049325448941,44.3778307005556
"135","LOC101859271",50.4658930494808,-3.41993318851877,0.598063241859852,-5.71834707293412,1.07565262288622e-08,1.03573395888134e-06,21.2825735800177,2.77685613076952,7.03090303689551,137.154821698669,84.0843108010526
"136","LOC101853162",65.4493516654454,2.73246886011519,0.478930251457785,5.70535866506241,1.16098358229924e-08,1.1096783519344e-06,80.2933457791576,116.62795749232,100.44147195565,12.36641834988,17.5175647502193
"137","LOC106011653",53.2690041049176,-2.67058413958319,0.468953205159865,-5.69477745369667,1.235329463074e-08,1.17212026937948e-06,14.5108456227393,24.0660864666692,12.052976634678,98.9313467990396,116.783765001462
"138","LOC101846461",59.7287509953926,-2.92069311054988,0.513862082535176,-5.68380740633834,1.31728616534961e-08,1.24082629444779e-06,8.7065073736436,16.6611367846171,24.105953269356,169.757197348352,79.4129602009941
"139","LOC101851086",310.387551411024,1.76031459849914,0.311748393771114,5.64658754839187,1.63663839074892e-08,1.53055125477304e-06,346.325515529379,480.396110623127,470.066088752442,136.030601848679,119.119440301491
"140","LOC101850341",177.16235325086,-2.83670369578417,0.502533705721126,-5.64480285300178,1.65370636898127e-08,1.53546636359911e-06,91.9020222773491,15.7355180743606,46.203077099599,277.682302947304,454.288845855687
"141","LOC101854751",74.8099497589161,-2.28228307820676,0.405610918242876,-5.62677920035709,1.83605500071549e-08,1.69268645065962e-06,29.9890809536613,23.1404677564127,35.1545151844775,159.63921869845,126.126466201579
"142","LOC101860446",46.6019048129537,-3.10707017834882,0.553902188799226,-5.60942029329126,2.03005467059997e-08,1.8583577931781e-06,19.3477941636524,11.1074245230781,4.017658878226,120.291523948832,78.2451225509795
"143","LOC101846212",24.640436361916,-3.84549874971685,0.687146146282692,-5.59633313891106,2.1893283044498e-08,1.97987088606761e-06,4.83694854091311,1.85123742051301,5.0220735977825,46.0930138495525,65.3989084008187
"144","LOC101858920",189.652351055045,1.84812640854467,0.330257162467874,5.59602218687522,2.19325646275664e-08,1.97987088606761e-06,253.456103543847,281.388087917978,265.165485962916,61.8320917493998,86.4199861010819
"145","LOC101851802",64.2048930254778,2.76163713410681,0.497482433598428,5.55122542545096,2.83674000365512e-08,2.54308850396641e-06,71.586838405514,110.148626520524,110.485619151215,10.1179786499018,18.6854024002339
"146","LOC118478736",175.205804708792,-2.16662088048186,0.392425376269063,-5.52110289370362,3.36878426558564e-08,2.99937168961286e-06,115.119375273732,49.0577916435949,55.2428095756076,323.775316796857,332.833730254167
"147","LOC118477923",320.205544694509,-1.62167538977023,0.295388350267032,-5.48997747644492,4.01985000875016e-08,3.55469593630907e-06,172.195368056507,178.644411079506,173.763746483275,459.805918645536,616.618279207719
"148","LOC101848899",1968.86650164828,-1.70973745309095,0.311571532796656,-5.48746362591086,4.07745942730892e-08,3.58127669564788e-06,796.161729834298,908.95757347189,1390.1099718662,2945.45600697141,3803.64722609762
"149","LOC101860936",274.696487107472,1.77085376913409,0.326150398958834,5.42956186712378,5.64925673055186e-08,4.92850256647273e-06,287.314743330239,413.751563484659,447.968964922199,114.670424698887,109.776739101374
"150","LOC101857243",1893.71765251418,1.60685118609074,0.296156970459169,5.42567403900519,5.77362407855138e-08,5.00342262647263e-06,3003.74504390704,2587.10429516694,2177.57111199849,1028.66116274001,671.506648758406
"151","LOC101854331",9689.35164297182,1.5843545267865,0.29357903856422,5.39668817819883,6.78822116527973e-08,5.8437143660577e-06,9870.2771925873,12894.7942525834,16870.149629671,4178.72518240943,4632.811957608
"152","LOC101849930",36.4393605082493,-2.92478031094341,0.543902376899882,-5.37739939217398,7.55694151295649e-08,6.4626764951922e-06,13.5434559145567,5.55371226153904,11.0485619151215,84.3164887491815,67.734583700848
"153","LOC101852454",27.2402711345569,-3.26872534416654,0.611703875281181,-5.34364007856581,9.10983689131788e-08,7.73978887256477e-06,8.7065073736436,4.62809355128254,5.0220735977825,62.9563115993888,54.8883695506871
"154","LOC101847062",30.870602928911,-3.54938179824438,0.665519945506342,-5.33324631697391,9.64723063751975e-08,8.10631497422204e-06,0.967389708182622,4.62809355128254,12.052976634678,58.4594321994325,78.2451225509795
"155","LOC101859688",60.4444823569583,-2.5610896483346,0.480243854102848,-5.33289416710811,9.66596523582135e-08,8.10631497422204e-06,26.1195221209308,25.9173238871822,9.03973247600851,105.676665898974,135.469167401696
"156","LUQ-1",4579.04295492405,-8.43062232616212,1.58638303283686,-5.31436743311985,1.07028464952126e-07,8.91835266610694e-06,21.2825735800177,53.6858851948774,24.105953269356,422.706663595897,22373.4336989801
"157","LOC118478216",77.0767976148492,2.52590654265252,0.475741843972718,5.30940587769146,1.09983163073519e-07,9.10618558466673e-06,84.1629046118881,163.834511715402,97.4282277969806,23.6086168497708,16.3497271002047
"158","LOC101857847",1013.95561356832,1.49599173513645,0.283487895373062,5.27709210711718,1.31249925367117e-07,1.0798213796501e-05,1338.86735612475,1443.0395692899,1318.79652677769,577.84900289439,391.225612754898
"159","LOC101850436",290.906711893904,1.59811730162781,0.303422500580554,5.26697030895879,1.38693627947208e-07,1.13388582999104e-05,430.488420141267,423.007750587224,338.487760490541,125.912623198778,136.637005051711
"160","LOC101857558",1256.03128444369,-1.60179691078847,0.306161554760729,-5.23186822734913,1.67805360023576e-07,1.36331367184154e-05,581.401214617756,788.627141138544,707.107962567777,2619.43225047457,1583.58785341982
"161","LOC101846077",81.4322321926175,-2.15464057102288,0.412602185824931,-5.22207745146823,1.76926935211022e-07,1.4284926899429e-05,29.9890809536613,30.5454174384647,42.185418221373,189.993154648156,114.448089701433
"162","LOC101852923",70.3244757854436,-2.33446636988661,0.447221605270109,-5.21993200323284,1.78988834531148e-07,1.43621966671012e-05,22.2499632882003,35.1735109897473,23.1015385497995,176.502516448287,94.5948496511842
"163","LOC101852500",2008.55323574657,1.57713663287145,0.302961250885085,5.20573713061962,1.9322801910993e-07,1.54096381620244e-05,2547.13710164484,2187.23701233613,3474.27051494594,766.717937692557,1067.40361211336
"164","LOC101847448",402.460032589696,-1.43388897738976,0.275945152293909,-5.19628254191081,2.03313176446039e-07,1.61150486623297e-05,227.336581422916,236.958389825666,254.116924047795,634.059995393845,659.82827225826
"165","LOC101845912",94.5268037312998,-2.14411094846331,0.413684856763457,-5.18295730048755,2.18395051237231e-07,1.72055592183804e-05,41.5977574518528,37.9503671205168,40.17658878226,114.670424698887,238.238880602982
"166","LOC106011504",19.2777865433596,-6.19682410794574,1.19935657414093,-5.16679046211454,2.38147988773709e-07,1.86487090727075e-05,1.93477941636524,0,0,33.7265954996726,60.7275578007602
"167","LOC101853674",35.459615756518,-2.66952480948859,0.521609268071903,-5.1178630689526,3.09016813496493e-07,2.40533506505444e-05,13.5434559145567,9.25618710256507,11.0485619151215,65.204751299367,78.2451225509795
"168","LOC101855889",80.1130928504794,-2.14131628323846,0.41948747225426,-5.1046012690948,3.31492719310759e-07,2.564924915667e-05,31.9238603700265,44.4296980923123,25.1103679889125,116.918864398865,182.182673402281
"169","LOC101853994",2552.25693021393,-1.67693816308614,0.329214748483178,-5.09375163419151,3.51046585310619e-07,2.70015062867026e-05,844.531215243429,1638.34511715402,1591.99733049705,3761.63961806348,4924.77137011165
"170","LOC101861846",37.4522014345491,5.74858593704604,1.13116469112507,5.08200616775655,3.73469282816375e-07,2.85572188666474e-05,48.3694854091311,47.2065542230819,89.3929100405286,1.12421984998909,1.16783765001462
"171","LOC118477213",30.598368252359,-3.47945206909471,0.685885424918284,-5.07293484113509,3.91726661792015e-07,2.97780986937684e-05,4.83694854091311,10.1818058128216,3.0132441586695,103.428226198996,31.5316165503947
"172","LOC101858262",57.4574230493102,2.47247803198584,0.49264020878874,5.01883116293926,5.19868139295981e-07,3.92893368762119e-05,89.9672428609839,96.2643458666767,70.3090303689551,20.2359572998036,10.5105388501316
"173","LOC101850618",275.382682849409,2.33214548297996,0.464873720657275,5.01672901553263,5.25586170448366e-07,3.93103125451607e-05,505.944817379511,447.99945576415,262.152241804247,129.285282748745,31.5316165503947
"174","LOC106012135",142.503240761511,-1.77311658792747,0.353456424013644,-5.01650689438035,5.26193890519114e-07,3.93103125451607e-05,90.9346325691665,74.0494968205206,52.229565416938,237.210388347697,258.092120653231
"175","LOC106013317",17.1521757961018,-5.43988279644568,1.08781950035113,-5.00072189797093,5.71160493605885e-07,4.24258014650451e-05,0,2.77685613076952,0,58.4594321994325,24.524590650307
"176","LOC101854426",148.485544143401,1.94693471961415,0.389674325244183,4.9963125448261,5.8436924281404e-07,4.3160316973521e-05,230.238750547464,247.140195638487,155.684281531258,70.8258505493125,38.5386424504825
"177","LOC101862248",144.407401693466,-2.58952352178839,0.524454288142672,-4.93755810627282,7.91068404123192e-07,5.80965999163693e-05,81.2607354873403,28.6941800179517,34.150100464921,455.30903924558,122.622953251535
"178","LOC101864298",35.2528293307441,-2.60977237526475,0.529885254151096,-4.925165127393,8.42891443096443e-07,6.155475207197e-05,12.5760662063741,10.1818058128216,12.052976634678,86.5649284491597,54.8883695506871
"179","LOC101846380",117.782163437325,-1.65238670841851,0.338328809359832,-4.8839669064691,1.03972532728586e-06,7.52989630445199e-05,64.8151104482357,60.165216166673,65.2869567711726,200.111133298057,198.532400502485
"180","LOC101851777",35.3233139896687,4.03958452214566,0.82720612571263,4.88340740787624,1.04268123301897e-06,7.52989630445199e-05,22.2499632882003,49.0577916435949,98.4326425165371,3.37265954996726,3.50351295004386
"181","LOC101852076",247.487720982023,-1.52867374884708,0.313976990873496,-4.86874450447548,1.12309501605701e-06,8.06580779763815e-05,155.749743017402,150.875849771811,116.512107468554,353.005032896573,461.295871755775
"182","LOC101859220",36.5450216704108,-2.63826813354594,0.542559144786963,-4.86263692888609,1.15832196107913e-06,8.27309185278441e-05,15.478235330922,13.8842806538476,6.026488317339,85.4407085991706,61.8953954507748
"183","LOC101850723",158.175296602131,-2.01136642449194,0.415263698425854,-4.84358838038687,1.27514961751223e-06,9.0577431027549e-05,92.8694119855317,70.3470219794946,51.2251506973816,403.594926146082,172.839972202164
"184","LOC101856526",26.7941413778433,7.72951935021023,1.59964133264638,4.83203277663675,1.35145998075999e-06,9.54762407059731e-05,36.7608089109396,85.1569213435987,12.052976634678,0,0
"185","LOC101859092",1088.33388372501,1.33409056877665,0.276428723807427,4.82616477188544,1.39187366363569e-06,9.77998148843258e-05,1440.44327548392,1645.75006683607,1217.35064010248,525.010669944903,613.114766257675
"186","LOC101845933",656.046015379321,1.4259630352914,0.295576465031323,4.8243456566824,1.40463638549439e-06,9.81659590056001e-05,913.215884524395,973.750883189846,741.258063032698,382.234748996289,269.770497153377
"187","LOC101863664",24.658841142563,-3.41144427704233,0.708413950996546,-4.81560854673084,1.46751963052712e-06,0.000102012233568032,4.83694854091311,9.25618710256507,1.0044147195565,70.8258505493125,37.3708048004678
"188","LOC101859207",21.9894118281667,-3.43452754086142,0.713741449004638,-4.81200516748902,1.49423489367978e-06,0.000103316805228423,5.80433824909573,6.47933097179555,1.0044147195565,37.0992550496399,59.5597201507456
"189","LOC106012720",17.0424501030533,-4.64006321229282,0.972571302543304,-4.77092342757689,1.83383249776236e-06,0.000126126924012766,1.93477941636524,0.925618710256507,2.008829439113,66.3289711493561,14.0140518001754
"190","LOC101860337",96.7490329875313,2.19647616558591,0.460648056697362,4.76823061261487,1.85850971408459e-06,0.000127151409333608,147.043235643759,174.94193623848,100.44147195565,44.9687939995635,16.3497271002047
"191","LOC101846367",38.1933104051161,-2.48139529487016,0.52148637943006,-4.75831276280334,1.95217856070291e-06,0.000132860571259566,18.3804044554698,12.9586619435911,9.03973247600851,61.8320917493998,88.7556614011111
"192","LOC101850000",40.0867476276205,-2.39689066173427,0.5055733955822,-4.74093510987481,2.12734064691082e-06,0.000144027609735384,21.2825735800177,11.1074245230781,12.052976634678,73.0742902492906,82.916473151038
"193","LOC101844971",63.4230404440251,2.61451031201483,0.551854382030888,4.7376815282197,2.16177185747827e-06,0.000145600375001865,51.271654533679,111.074245230781,123.54301050545,7.86953894992361,23.3567530002924
"194","LOC101845128",385.130098162766,-1.31651009858397,0.27885329985563,-4.72115660551827,2.34507286701692e-06,0.000157049383430725,259.260441792943,229.553440143614,235.033044376221,629.563115993888,572.240448507164
"195","LOC101853869",149.161282825862,1.74263933406319,0.369186209600821,4.72021784331381,2.35592197622828e-06,0.000157049383430725,181.869265138333,271.206282105157,168.741672885492,55.0867726494652,68.9024213508626
"196","LOC101856855",35.8973258645087,-2.54253660692939,0.542236052279578,-4.68898479959141,2.74563780456379e-06,0.000182094621538391,7.73911766546098,12.9586619435911,16.070635512904,53.9625527994762,88.7556614011111
"197","LOC101864413",13.6905040394981,-5.07583853124804,1.08290920907479,-4.68722445862723,2.76935183624878e-06,0.000182735048321817,0.967389708182622,0,2.008829439113,28.1054962497272,37.3708048004678
"198","LOC101853934",32.6014402141645,-2.85451457173025,0.612142915791085,-4.66315054555733,3.1140477172317e-06,0.000204441950890378,15.478235330922,6.47933097179555,6.026488317339,41.5961344495962,93.4270120011696
"199","LOC101864123",122.981698750497,1.92954774859203,0.414090519803056,4.65972451991834,3.16632857474369e-06,0.000206829674085896,105.445478191906,187.900598182071,230.010970778439,48.3414535495307,43.2099930505409
"200","LOC101851454",981.074177810242,1.37435087352513,0.295289946083166,4.65424201451835,3.25174690562434e-06,0.000211347290131054,981.900553805362,1354.18017310527,1565.88254778859,475.544996545384,527.862617806608
"201","LOC101858907",294.531126020364,1.42736160644309,0.30762538327632,4.63993442687071,3.4851974844909e-06,0.000225393443288046,390.825442105779,437.817649951328,351.545151844775,167.508757648374,124.958628551564
"202","LOC101848129",302.455229061294,1.73181846371339,0.374556589788496,4.62364969921184,3.77046404814294e-06,0.00024263496119708,522.390442418616,436.892031241071,300.320001147394,169.757197348352,82.916473151038
"203","LOC101845257",338.405711144491,1.58494127173379,0.345115591555798,4.5924939658298,4.37980178279085e-06,0.000280458341746297,393.727611230327,470.214304810306,520.286824730268,103.428226198996,204.371588752558
"204","LOC101851957",206.100471407108,1.4518778554282,0.316905828193582,4.5814173368289,4.61835155345443e-06,0.0002942840776635,306.662537493891,252.693907900026,269.183144841142,92.1860276991051,109.776739101374
"205","LOC101850633",224.01082611727,1.50607499831527,0.329266317141537,4.57403299368722,4.7842444978521e-06,0.0003033677767199,377.281986191223,276.759994366696,253.112509328238,111.29776514892,101.601875551272
"206","LOC101850652",403.975801226281,-1.29834944450194,0.284648836158827,-4.56123222572212,5.08542993775506e-06,0.000320900503693583,218.630074049273,281.388087917978,265.165485962916,650.923293143681,603.772065057559
"207","LOC101850376",23.739821427103,4.05261723593206,0.89039862806368,4.55146392660683,5.32739327842134e-06,0.000334544856165213,34.8260294945744,36.0991297000038,43.1898329409295,2.24843969997817,2.33567530002924
"208","LOC106013066",61.897288704645,2.12398673160294,0.46706546209847,4.54751400812238,5.42833082957163e-06,0.000339244579103854,89.9672428609839,85.1569213435987,93.4105689187546,28.1054962497272,12.8462141501608
"209","LOC101856280",37.5854452198379,-2.50996730899536,0.55268856792547,-4.54137728669979,5.58879128842395e-06,0.00034760142563743,6.77172795727836,22.2148490461562,10.044147195565,75.3227299492688,73.5737719509211
"210","LOC101848683",530.570585622247,-1.45360498195577,0.322064081001351,-4.51340297693637,6.37956410731958e-06,0.000394895018243082,208.956176967446,395.239189279529,334.470101612315,878.015702841477,836.171757410468
"211","LOC101845050",7309.92339240155,1.15820551864512,0.25838931951583,4.48240477127834,7.38065812337095e-06,0.00045469751159099,10480.7000984505,9254.33586514456,8407.95561740747,4501.3762793563,3905.24910164889
"212","LOC101846567",50.5540051785427,2.52774264508362,0.565687800472194,4.46844114894054,7.87916830154733e-06,0.000483119380904782,61.9129413236878,58.31397874616,106.467960272989,20.2359572998036,5.8391882500731
"213","LOC101847676",17.1787441585478,-3.27248046376447,0.733984627620095,-4.45851362633481,8.25299513401399e-06,0.000503665181911023,3.86955883273049,4.62809355128254,3.0132441586695,39.347694749618,35.0351295004386
"214","LOC101847307",21.9937236208616,-2.91378584499547,0.656088704744477,-4.44114618027189,8.94809806176339e-06,0.000543534236938609,8.7065073736436,6.47933097179555,3.0132441586695,42.7203542995853,49.049181300614
"215","LOC101857953",242.404273449637,-1.72997718238809,0.389670498388573,-4.43958983177368,9.01304882220343e-06,0.000544933123906151,97.7063605264449,99.0412019974463,180.79464952017,284.427622047239,550.051533156886
"216","LOC101854663",14.1456699545603,-3.83193431244854,0.868879997374924,-4.41019971000098,1.0327532913207e-05,0.000621516668235084,3.86955883273049,1.85123742051301,1.0044147195565,35.9750351996508,28.0281036003509
"217","LOC101854328",783.267755577426,1.28795448819609,0.292263368926001,4.40682831012666,1.04895267190048e-05,0.000628356487651352,909.346325691665,935.800516069329,1231.41244617627,478.917656095351,360.861833854518
"218","LOC101859366",100.703814493682,2.54841588954375,0.578789723576934,4.403008183688,1.06760137197901e-05,0.000636594047447484,84.1629046118881,304.528555674391,63.2781273320596,25.857056549749,25.6924283003216
"219","LOC101852781",23.804937413375,4.05210676055699,0.923988054144424,4.3854536239747,1.15744316797424e-05,0.000687013869429091,21.2825735800177,38.8759858307733,54.238394856051,1.12421984998909,3.50351295004386
"220","LOC101850109",41.9503751460185,-2.25516386994375,0.514567215066717,-4.38264196379351,1.17248714487229e-05,0.000692780018008862,26.1195221209308,12.9586619435911,11.0485619151215,69.7016306993234,89.9234990511257
"221","LOC100533423",22251.2327648058,-1.49564358441797,0.34151940281695,-4.3793810017278,1.19016890543032e-05,0.000700045502338857,8135.74744581585,14362.8255270502,16132.9092255165,27562.4980621824,45062.1835634641
"222","LOC101855924",83.4119354427617,2.61844242179139,0.599070610126592,4.37084106202118,1.23768863179715e-05,0.000721467019046242,220.564853465638,93.4874897359072,62.2737126125031,33.7265954996726,7.00702590008772
"223","LOC101861290",403.355348648848,1.37662988597849,0.314952885684913,4.37090735963508,1.23731284673405e-05,0.000721467019046242,622.031582361426,524.82580871544,458.013112117764,249.576806697577,162.329433352032
"224","LOC101856230",35.8669317696571,-2.19410772243982,0.502200301352143,-4.36898925893178,1.24822905032045e-05,0.000721914569328682,16.4456250391046,15.7355180743606,12.052976634678,69.7016306993234,65.3989084008187
"225","LOC106011952",191.66276307192,1.88488168212577,0.431445872649019,4.36875585470977,1.24956364411842e-05,0.000721914569328682,355.032022903022,248.991433059,207.913846948196,110.17354529893,36.2029671504532
"226","LOC101850415",118.370917581713,-1.80369025050595,0.413126164039693,-4.36595502175129,1.26568524618829e-05,0.000727993031646086,85.1302943200708,55.5371226153904,37.1633446235905,255.197905947523,158.825920401988
"227","LOC101861793",24.5842177128045,3.48503341525433,0.798677020583393,4.36350780783537,1.27993370368941e-05,0.00073294529578232,47.4020957009485,32.3966548589778,36.158929904034,1.12421984998909,5.8391882500731
"228","LOC101858137",57.2742597160351,2.4764747252882,0.570815808770105,4.33848307499415,1.43469531153725e-05,0.000817965103275121,88.0324634446186,69.421403269238,98.4326425165371,26.9812763997381,3.50351295004386
"229","LOC101852101",145.597016224589,-1.77470051243041,0.409332619385511,-4.33559513310857,1.45366287443839e-05,0.000825159987110246,117.054154690097,54.6115039051339,50.220735977825,290.048721297184,216.049965252705
"230","LOC101852823",2419.77313058796,1.47908028128086,0.342079045900953,4.32379679201141,1.53366573659155e-05,0.000866787865650155,2661.28908721039,2982.34348444647,4120.10917962077,766.717937692557,1568.40596396963
"231","LOC101856766",78.2116505049918,-1.78039900908259,0.412210747082799,-4.31914747900778,1.56633088756873e-05,0.000878171501839456,35.793419202757,52.7602664846209,30.132441586695,113.546204848898,158.825920401988
"232","LOC101861983",69.3014527281639,-1.80683421026973,0.418344695785569,-4.31900829261586,1.56731893550853e-05,0.000878171501839456,46.4347059927659,32.3966548589778,25.1103679889125,129.285282748745,113.280252051418
"233","LOC101854219",636.212860273351,-1.21970147839993,0.282666361019564,-4.31498631107191,1.59612793584533e-05,0.000890474980173966,415.977574518528,443.371362212867,386.699667029253,815.059391242088,1119.95630636402
"234","LOC101855232",17.7332671939634,-3.17867409343534,0.737774585507038,-4.30846244351286,1.6439338394594e-05,0.000913226323894561,4.83694854091311,2.77685613076952,5.0220735977825,26.9812763997381,49.049181300614
"235","LOC101851588",702.376847945605,1.34959332705568,0.313848008687696,4.30014940256842,1.70683001251394e-05,0.000944131205645476,741.020516467889,972.825264479589,1069.70167632767,281.054962497272,447.281819955599
"236","LOC101862644",948.751603685402,1.16503798463305,0.272695486091905,4.27230388492902,1.93463679976593e-05,0.00106560778644734,1129.9111791573,1409.71729572066,1116.90916814683,512.644251595024,574.576123807193
"237","LOC101864305",27.5964175558486,-2.43949702499319,0.57133998441927,-4.26978172632672,1.95664357743198e-05,0.00107318185076111,10.6412867900088,10.1818058128216,9.03973247600851,42.7203542995853,65.3989084008187
"238","LOC101856872",98.5118013398029,1.72559132068661,0.408005222640802,4.22933635387746,2.34381698642352e-05,0.00128013768934955,124.793272355558,179.570029789762,105.463545553433,34.8508153496617,47.8813436505994
"239","LOC101846574",19.9127873861024,-2.94387384658358,0.698204151662731,-4.21635110529337,2.48287090682937e-05,0.00134722016282052,5.80433824909573,8.33056839230857,2.008829439113,47.2172336995416,36.2029671504532
"240","LOC101848352",105.712499964553,-1.80600495339402,0.428375098608512,-4.21594289504794,2.48736702113181e-05,0.00134722016282052,71.586838405514,50.9090290641079,36.158929904034,248.452586847588,121.45511560152
"241","LOC101857597",91.4224267318976,1.64878125026973,0.391461034752358,4.21186555978109,2.53270272808765e-05,0.00136608310217474,100.608529650993,139.768425248733,136.600401859684,41.5961344495962,38.5386424504825
"242","LOC101861311",1459.5821847557,1.39061696127357,0.331616687251815,4.1934468762653,2.7474744142256e-05,0.00147580247564127,1220.84581172647,2320.52610661306,2277.00816923459,635.184215243834,844.34662096057
"243","LOC100533232",31824.4465090086,-1.2242123209586,0.292015134798944,-4.19229065576168,2.76151872364913e-05,0.00147724205303354,24425.622741903,22872.0383304383,14919.5762442923,51918.721112196,44986.2741162132
"244","LOC101847482",31.0317219026586,2.65315650697965,0.635022358411956,4.17805211396742,2.94016296659285e-05,0.00156635977060412,33.8586397863918,47.2065542230819,59.2604684538336,8.99375879991269,5.8391882500731
"245","LOC101849338",732.160776389513,1.93801251411957,0.466035453131074,4.1585087595782,3.20331951149821e-05,0.00169958980938634,520.455663002251,999.668207077028,1598.02381881439,130.409502598734,412.246690455161
"246","LOC101858875",58.6796830424463,-2.19555270376097,0.531403955076853,-4.13160775862769,3.60234746460071e-05,0.00190353311757498,22.2499632882003,24.0660864666692,26.114782708469,174.254076748308,46.7135060005848
"247","LOC101850163",6.48754948005123,-6.51156381157979,1.57800677358497,-4.12644858094403,3.6840832814807e-05,0.00193884204761003,0,0,0,6.74531909993452,25.6924283003216
"248","LOC101853448",31.9176411941473,2.57018690139316,0.623310159008111,4.12344779601084,3.73243081662616e-05,0.00195431178896473,56.1086030745921,48.1321729333384,39.1721740627035,4.49687939995635,11.6783765001462
"249","LOC101864642",113.697037260798,1.62656529363148,0.39453280715077,4.12276308623909,3.74354669937856e-05,0.00195431178896473,105.445478191906,183.272504630788,178.785820081057,46.0930138495525,54.8883695506871
"250","LOC101858513",2193.20727122587,-1.08272825512163,0.263755271229105,-4.10504878282087,4.04229568388033e-05,0.00210183206379042,1281.79136334197,1684.62605266684,1579.94435386238,3248.99536646846,3170.67921978969
"251","LOC101851793",391.731047986421,1.54918636960843,0.377896621176987,4.09949780652542,4.14047594259393e-05,0.00214430465250114,818.411693122498,407.272232512863,369.624616796792,206.856452397992,156.490245101959
"252","LOC101846803",101.84842776175,-1.68046606580991,0.410264971650264,-4.09605055740037,4.20258189686315e-05,0.00216783182846524,30.9564706618439,61.0908348769295,70.3090303689551,149.521240048549,197.364562852471
"253","LOC101847465",183.617027626908,1.4469443960578,0.353387841902544,4.09449399353368,4.23091381282478e-05,0.00217382010485808,223.467022590186,211.041065938484,303.333245306063,110.17354529893,70.0702590008772
"254","LOC101861094",1097.1610602958,-1.22914529163067,0.300556919517809,-4.08955912112293,4.32193899852414e-05,0.002211845867788,946.107134602605,611.833967479551,582.56053734277,1699.8204131835,1645.4832488706
"255","LOC101855892",1067.08823385378,1.19413219791504,0.292882619778261,4.07716988744197,4.5587185057813e-05,0.00232387379830004,1089.28081141363,1523.56839708221,1518.67505596943,514.892691295002,689.024213508626
"256","LOC101863948",66.8311263160373,-1.66326036204515,0.408174129918615,-4.07487942064527,4.60381951724513e-05,0.00233769726190115,43.532536868218,27.7685613076952,36.158929904034,116.918864398865,109.776739101374
"257","LOC101853710",70.8275901245867,1.93819093613831,0.477932826493578,4.05536265495326,5.00565784794668e-05,0.0025318500531307,83.1955149037055,147.173374930785,71.3134450885116,32.6023756496835,19.8532400502485
"258","LOC101849140",16.1637523445614,-3.32165543880874,0.821845502076901,-4.0417030091599,5.30644131846059e-05,0.00266325987253549,3.86955883273049,4.62809355128254,2.008829439113,53.9625527994762,16.3497271002047
"259","LOC101857681",757.785322663834,1.28668149616464,0.31830356768477,4.04230937630865,5.29273361877366e-05,0.00266325987253549,1301.13915750563,797.883328241109,876.854050172825,475.544996545384,337.505080854225
"260","LOC101850419",35.8301307577113,2.27136079203541,0.562384355791184,4.03880507813908,5.37241857910592e-05,0.00268600265806915,42.5651471600354,54.6115039051339,60.26488317339,12.36641834988,9.34270120011696
"261","LOC101857891",178.5117538181,1.43359805199424,0.355491440143021,4.03272172015584,5.51345545978553e-05,0.00273898619400662,237.010478504742,261.024476292335,217.957994143761,114.670424698887,61.8953954507748
"262","LOC118477837",32.1097156853529,-2.10450672670129,0.521896677075159,-4.03242024550812,5.52053529371286e-05,0.00273898619400662,16.4456250391046,12.0330432333346,13.0573913542345,62.9563115993888,56.0562072007017
"263","LOC106012887",59.2529910799756,-1.69329387642185,0.421380463200399,-4.01844419544567,5.85836796732929e-05,0.00289554848697009,32.8912500782092,25.9173238871822,35.1545151844775,113.546204848898,88.7556614011111
"264","LOC101849343",371.368137947778,1.25328987933946,0.312368626807536,4.01221432558162,6.01518496047815e-05,0.00295061846419832,378.249375899405,601.65216166673,471.070503471999,194.490034048112,211.378614652646
"265","LOC101850945",794.358624681534,1.09422328959464,0.272696057871147,4.0126113231592,6.00507439691364e-05,0.00295061846419832,936.433237520778,943.205465751381,1147.04160973352,442.9426208957,502.170189506287
"266","LOC101862828",37.6722739429812,2.35890171668129,0.589043419681717,4.00463130197753,6.21142831581622e-05,0.00303542694275545,67.7172795727836,63.867691007699,35.1545151844775,14.6148580498581,7.00702590008772
"267","LOC118477349",59.4425621127838,1.7848598655135,0.447093748793228,3.99213782418363,6.54802948473721e-05,0.00318793390532206,81.2607354873403,70.3470219794946,97.4282277969806,22.4843969997817,25.6924283003216
"268","LOC101858320",549.87118179289,1.11139103280877,0.27856418200589,3.98971262136376,6.61533962256133e-05,0.00320868655797294,753.596582674263,714.577644318024,632.781273320596,294.545600697141,353.85480795443
"269","LOC118477839",840.549375661431,-1.41073865344228,0.353978278373406,-3.98538198424176,6.73716560859597e-05,0.00325562883814643,421.781912767623,456.330024156458,637.803346918378,852.158646291728,1834.67294817297
"270","LOC100533265",238.453472319477,1.85368345049969,0.466213391326609,3.97604076799475,7.007211799347e-05,0.00337358319184117,537.868677749538,158.280799453863,310.364148342959,58.4594321994325,127.294303851594
"271","LOC101863438",163.271737023057,-1.34055753097028,0.337512348531936,-3.97187698998645,7.1308541401129e-05,0.00342044180691246,94.804191401897,119.404813623089,89.3929100405286,299.042480097097,213.714289952675
"272","LOC101861341",164.562697839352,-2.05722100988473,0.519429285741168,-3.96054105218443,7.47801352608877e-05,0.00356809883915288,118.988934106463,51.8346477743644,47.2074918191555,485.662975195285,119.119440301491
"273","LOC106013370",34.8172188724723,-2.05295929904736,0.518418257147577,-3.96004436715459,7.49358399175888e-05,0.00356809883915288,19.3477941636524,14.8098993641041,12.052976634678,75.3227299492688,52.5526942506579
"274","LOC101856911",5.509661560014,-6.27722173965673,1.58571253268282,-3.95861268059506,7.53863734194978e-05,0.00357645061343084,0,0,0,12.36641834988,15.1818894501901
"275","LOC101851090",18.6636024222475,-3.0196941171713,0.763157337458245,-3.95684345672235,7.59466644496836e-05,0.00358992978611431,3.86955883273049,3.70247484102603,7.03090303689551,17.9875175998254,60.7275578007602
"276","LOC101858632",83.9544563758616,-1.61230522879766,0.408104104773359,-3.95072044103319,7.7916294373552e-05,0.00366968808174566,65.7825001564183,34.2478922794908,38.167759343147,147.27280034857,134.301329751681
"277","LOC106011802",36.497671576289,-2.09904771232226,0.531834087921781,-3.94680927754104,7.91995960204146e-05,0.00371666263057534,7.73911766546098,18.5123742051301,21.0927091106865,68.5774108493343,66.5667460508333
"278","LOC101854264",95.3276576001137,-1.44799506159265,0.367622537348819,-3.93880927985303,8.18869887098114e-05,0.00382895311596704,46.4347059927659,57.3883600359034,65.2869567711726,140.527481248636,167.000783952091
"279","LOC106013241",143.470067514088,1.43038132145092,0.365009284308718,3.91875325626274,8.90081745276788e-05,0.00414701527127347,152.847573892854,172.16508010771,250.099265169569,66.3289711493561,75.9094472509503
"280","LOC106012895",130.166353507666,-1.438867458988,0.367341738239235,-3.91697242432856,8.9668001156999e-05,0.00416283695371368,106.412867900088,60.165216166673,65.2869567711726,218.098650897883,200.868075802515
"281","LOC101854856",10.5904448954271,-3.89319704741801,0.995967597661628,-3.90895954502798,9.26944834130678e-05,0.00428802701027213,0.967389708182622,0.925618710256507,3.0132441586695,25.857056549749,22.1889153502778
"282","LOC101864682",125.136442827095,1.37204965502943,0.351354515907602,3.90502923090435,9.4213996409072e-05,0.0043428643238352,180.90187543015,174.016317528223,142.626890177023,68.5774108493343,59.5597201507456
"283","LOC101851840",37.4492220812378,-1.92346053274077,0.493531560881653,-3.89734048478009,9.72548401423995e-05,0.00446719316965036,22.2499632882003,15.7355180743606,15.0662207933475,62.9563115993888,71.2380966508918
"284","LOC101861218",22.4953318077731,3.12482261854814,0.802872473398041,3.89205349801418,9.9399319018971e-05,0.004549618830731,49.3368751173137,36.0991297000038,19.0838796715735,5.62109924994543,2.33567530002924
"285","LOC101854634",32.8411823428355,-2.07596407026011,0.535941535158764,-3.87348980079541,0.000107287898656217,0.00487634753367891,14.5108456227393,19.4379929153867,9.03973247600851,66.3289711493561,54.8883695506871
"286","LOC101857547",1128.19179926342,1.21233499541795,0.312940784088465,3.87400766234177,0.000107060044129026,0.00487634753367891,1959.93154877799,1286.61000725655,1133.98421837929,563.234144844532,697.199077058728
"287","LOC100533389",10.7448899611703,-4.26199155497396,1.10080459130169,-3.87170583103601,0.000108076337799054,0.00489506729982544,1.93477941636524,0,2.008829439113,11.2421984998909,38.5386424504825
"288","LOC101854740",18.5443134417819,-2.60051190807025,0.675359120406128,-3.85056161898937,0.000117847274920885,0.00531908585658536,4.83694854091311,5.55371226153904,8.03531775645201,41.5961344495962,32.6994542004094
"289","LOC101857560",123.30053923854,1.5375456819409,0.401227792636068,3.8321016394184,0.000127053224891659,0.00571475733690891,216.695294632907,147.173374930785,137.604816579241,75.3227299492688,39.7064801004971
"290","LOC101851256",129.367969994444,1.85069412680759,0.484250757035685,3.82176816436284,0.0001324982256496,0.00593911874213502,235.075699088377,169.388223976941,141.622475457467,82.0680490492033,18.6854024002339
"291","LOC101855609",10.3073086976268,6.35080810435727,1.66691373755195,3.80992007041958,0.000139011726543871,0.00620966815582055,6.77172795727836,28.6941800179517,16.070635512904,0,0
"292","LOC101853908",9002.61572288442,1.236863241178,0.32507818193871,3.8048177635348,0.000141908629727467,0.00631736396516212,9283.07163972044,9752.31873126256,16052.556047952,3921.27883676193,6003.85335872516
"293","LOC101845673",97.4029641243653,-1.47066231195618,0.387323506966375,-3.79698697730694,0.000146465480595622,0.00649796854014502,73.5216178218793,59.2395974564165,38.167759343147,160.763438548439,155.322407451944
"294","LOC101864349",28.3900734780816,2.51681567433279,0.664007096099453,3.79034454468515,0.000150438462205409,0.00665152915036774,56.1086030745921,37.9503671205168,33.1456857453645,11.2421984998909,3.50351295004386
"295","LOC101851071",36.6346492463351,2.22350884963346,0.586825243435492,3.78904771822054,0.000151225866518481,0.00666367809787708,35.793419202757,47.2065542230819,77.3399334058506,13.490638199869,9.34270120011696
"296","LOC106011121",7.45827346160753,-5.71627349086701,1.51218218536482,-3.78014867929948,0.000156734735908919,0.00688309064891906,0.967389708182622,0,0,26.9812763997381,9.34270120011696
"297","LOC118478242",9.2739132861731,-4.51400588958304,1.19458989262199,-3.77870758614515,0.000157644407649812,0.00689972947824886,0,2.77685613076952,0,20.2359572998036,23.3567530002924
"298","LOC106012422",44.18732832636,2.24612578480648,0.595100059645334,3.7743665933173,0.000160414723193938,0.00699741941878524,61.9129413236878,78.6775903718031,53.2339801364946,23.6086168497708,3.50351295004386
"299","LOC101863555",13.8786417979774,-3.04532293249182,0.807628879281084,-3.77069593549283,0.000162792928604548,0.00707740895963385,4.83694854091311,1.85123742051301,4.017658878226,22.4843969997817,36.2029671504532
"300","LOC101857021",101.054146027297,-1.50000023472366,0.398306636629812,-3.76594336317264,0.000165921404251332,0.00718937444621023,57.0759927827747,64.7933097179555,53.2339801364946,219.222870747872,110.944576751389
"301","LOC101848570",2273.18628258414,-1.11367451356161,0.295821515842704,-3.76468395271756,0.000166759867142037,0.00720169937866888,1388.20423124206,1372.6925473104,1892.31733164445,2709.3698384737,4003.34746425012
"302","LOC106013742",320.210274269995,-1.78947264944137,0.476120570763182,-3.75844430870314,0.000170973082226914,0.00735920230419752,246.684375586569,144.396518800015,93.4105689187546,870.146163891553,246.413744153085
"303","LOC101858034",364.506081807,1.36256114649527,0.36384888909121,3.74485449137568,0.000180498356466752,0.00774355820366767,657.825001564183,459.106880287228,330.452442734089,233.83772879773,141.308355651769
"304","LOC101860686",33095.4261097398,-0.915916816701089,0.244664509052203,-3.74356223650593,0.000181429637066925,0.00775790740866107,23331.5049819485,25311.9692506744,24646.3283884774,45226.240345211,46961.0875823879
"305","LOC101850050",1304.44540403792,-1.02230822659965,0.273388321653966,-3.73939976812034,0.000184460179199753,0.00786163235874619,747.792244425167,1004.29630062831,1018.47652563029,1851.59009293203,1900.07185657379
"306","LOC101846466",37.6103488200874,-1.91705688133876,0.513819811568165,-3.73099058887579,0.00019072834924231,0.00810221507124439,17.4130147472872,12.0330432333346,24.105953269356,55.0867726494652,79.4129602009941
"307","LOC101847146",102.543706563121,1.40217320445977,0.376283524023262,3.72637416984828,0.00019425397712467,0.00822510569590742,142.206287102845,153.65270590258,113.498863309885,44.9687939995635,58.391882500731
"308","LOC101846995",73.3980624345532,1.63136491515813,0.438125298920079,3.72351224450912,0.000196470327716811,0.0082919408765936,117.054154690097,103.669295548729,81.3575922840766,42.7203542995853,22.1889153502778
"309","LOC101860605",25.9460979098482,-2.37474851019873,0.637923920489455,-3.72262025913164,0.000197165947299608,0.00829436941406993,9.67389708182622,7.40494968205206,12.052976634678,25.857056549749,74.7416096009357
"310","LOC118478259",9.02289863615996,-4.47258634155925,1.2021383132673,-3.72052557696391,0.000198808605223724,0.00833649373968771,0,2.77685613076952,0,22.4843969997817,19.8532400502485
"311","LOC101850803",72.6459134319512,1.83876677029157,0.495349842300744,3.71205683997208,0.000205581803657898,0.00859279056510936,138.336728270115,116.62795749232,51.2251506973816,34.8508153496617,22.1889153502778
"312","LOC106013786",19.2472597080988,-2.87905975301939,0.777245574782434,-3.70418288174273,0.00021207322362506,0.00883570459584023,5.80433824909573,7.40494968205206,3.0132441586695,14.6148580498581,65.3989084008187
"313","LOC101862969",18.468472539576,-2.9223628988422,0.790928841236635,-3.69484932964768,0.000220017215680772,0.00913739228956664,7.73911766546098,7.40494968205206,0,26.9812763997381,50.2170189506287
"314","LOC101863630",14.9307299653657,-4.154917366934,1.12488138826607,-3.69364931296313,0.000221058610640372,0.0091514040755229,1.93477941636524,1.85123742051301,2.008829439113,1.12421984998909,67.734583700848
"315","LOC101863640",90.1182048271156,1.58352619391784,0.429580281788372,3.68621713111576,0.000227612173432004,0.00939279569029404,133.499779729202,139.768425248733,95.4193983578676,56.2109924994543,25.6924283003216
"316","LOC101848108",966.590960347295,1.18885293253311,0.322835658954098,3.68253289114556,0.000230928062163135,0.00949947430398287,1710.34500406688,1023.7342935437,1005.41913427606,622.817796893954,470.638572955892
"317","LOC101850995",613.666722277633,1.00749184396335,0.273955593983794,3.67757354143659,0.000235463200411352,0.00965547678910778,811.63996516522,696.065270112893,796.500872608305,351.880813046584,412.246690455161
"318","LOC101848778",41.8817098283322,-1.77507313401131,0.482842430129597,-3.67629898129473,0.000236642164039135,0.00967330657341104,29.0216912454787,15.7355180743606,19.0838796715735,70.8258505493125,74.7416096009357
"319","LOC100533244",116.090983630153,-1.3171086068433,0.358731298641578,-3.67157427252892,0.000241060999997881,0.00982304683063464,84.1629046118881,79.6032090820596,54.238394856051,169.757197348352,192.693212252412
"320","LOC100533367",1518.01981690054,-1.20460205286923,0.328208935343086,-3.6702293056404,0.00024233297942182,0.00984401999845076,691.683641350575,1375.46940344117,925.065956711537,2616.0595909246,1981.82049207481
"321","LOC101856005",11.0546523621277,-3.67283126162411,1.00272294389105,-3.66285750615392,0.000249417297845149,0.0101002350613368,4.83694854091311,0,1.0044147195565,20.2359572998036,29.1959412503655
"322","LOC101864101",73.6496658831746,-2.2671960657843,0.620292153925906,-3.65504553206893,0.000257136337907075,0.0103804821629008,55.1412133664095,21.2892303358997,11.0485619151215,228.216629547785,52.5526942506579
"323","LOC101852552",17.388263928765,-2.59397619998385,0.711312674553364,-3.64674536639266,0.000265582870404707,0.0106882716173089,8.7065073736436,5.55371226153904,3.0132441586695,40.4719145996071,29.1959412503655
"324","LOC101864277",191.825103442766,1.27770391886882,0.350900134921177,3.64121808945964,0.000271351147371539,0.0108867085329711,186.706213679246,283.239325338491,282.240536195377,84.3164887491815,122.622953251535
"325","LOC106012994",29.7894432520756,2.35149330506443,0.647143768878848,3.63364899447043,0.000279440957370127,0.0111767784764747,24.1847427045656,46.2809355128254,61.2692978929466,7.86953894992361,9.34270120011696
"326","LOC101857687",328.527324625399,-1.17687980348769,0.324726520547661,-3.62421831608593,0.000289836709953205,0.0115570165419684,214.760515216542,157.355180743606,283.244950914933,469.923897295438,517.352078956477
"327","LOC118478477",116.966110659247,1.3681346719329,0.377884648833091,3.62050873502722,0.000294024323736509,0.0116881412362412,151.880184184672,194.379929153867,118.520936907667,66.3289711493561,53.7205319006725
"328","LOC101847094",327.303605148514,1.29143165987981,0.357498866832573,3.61240770165747,0.000303367101025439,0.0119936439432207,493.368751173137,514.644002902618,278.222877317151,212.477551647937,137.804842701725
"329","LOC101851327",19.2685647919972,-2.69293096156386,0.745500154506093,-3.61224735539856,0.00030355480093235,0.0119936439432207,5.80433824909573,9.25618710256507,3.0132441586695,59.5836520494216,18.6854024002339
"330","LOC101864109",24.2607917043165,-2.13539098569801,0.594071599381478,-3.59450104654268,0.000325013838855119,0.0127639120582408,14.5108456227393,8.33056839230857,8.03531775645201,47.2172336995416,43.2099930505409
"331","LOC118478589",38.2109182492544,-1.74402527879778,0.48519158078175,-3.59450853616993,0.000325004490030661,0.0127639120582408,20.3151838718351,15.7355180743606,23.1015385497995,61.8320917493998,70.0702590008772
"332","LOC101863157",28.4889214350458,2.78533084845104,0.775166226499605,3.59320459694004,0.00032663591218148,0.0127889765736357,33.8586397863918,15.7355180743606,80.3531775645201,8.99375879991269,3.50351295004386
"333","LOC101849094",15.2300011240386,3.82798457556881,1.0662097141598,3.59027358757967,0.000330331058630611,0.0128948151085265,27.0869118291134,29.6197987282082,16.070635512904,3.37265954996726,0
"334","LOC101850213",4357.84602868505,1.01195503760012,0.282371221053298,3.58377540680432,0.000338663318316548,0.0131645739406874,4335.84067207451,6208.12468969039,5831.63186174504,2359.73746512709,3053.89545478823
"335","LOC101864107",1227.16918420774,1.25046770217637,0.34896996376306,3.58331040497629,0.000339267041320892,0.0131645739406874,1504.29099622398,2242.77413495152,1045.59572305832,537.377088294783,805.807978510088
"336","LOC101859781",461.831473301965,1.07679369410697,0.300972301458872,3.57771691576779,0.000346608544241405,0.0134094180553393,546.575185123182,498.908484828257,709.11679200689,245.079927297621,309.476977253874
"337","LOC106012316",50.2270630357162,-1.6029994146536,0.4489347478412,-3.57067351627819,0.000356064487689206,0.0137343687699465,35.793419202757,23.1404677564127,24.105953269356,92.1860276991051,75.9094472509503
"338","LOC101861010",783.58792808433,0.948413555886097,0.267920432394529,3.53990752929773,0.000400267252974718,0.0153937101225395,858.074671157986,1028.36238709498,1025.50742866719,499.153613395154,506.841540106345
"339","LOC101862438",705.30899656495,1.41090424015151,0.39992825792019,3.52789334639382,0.000418880894492784,0.0160620435029844,729.411839969697,756.230486279566,1333.86274757103,197.862693598079,509.177215406374
"340","LOC106011608",33.5490726753277,2.08056783758195,0.589907277301454,3.52694044918307,0.00042039130448819,0.016072548726594,66.7498898646009,37.0247484102603,41.1810035018165,14.6148580498581,8.17486355010234
"341","LOC106011349",16.7158816303622,4.56483307106965,1.29570629784503,3.52304613990202,0.000426617083716166,0.0162151914363346,3.86955883273049,46.2809355128254,31.1368563062515,1.12421984998909,1.16783765001462
"342","LOC106013958",38.970232753034,-1.92752747139495,0.547104530534937,-3.52314295315795,0.000426461271698559,0.0162151914363346,21.2825735800177,14.8098993641041,19.0838796715735,102.304006349007,37.3708048004678
"343","LOC101860100",218.403907529656,1.07456763083938,0.305439299818992,3.51810533705447,0.000434639796272636,0.0164719612587405,298.92341982843,269.355044684644,261.14782708469,124.788403348789,137.804842701725
"344","ND4",20465.7161348218,-0.930296358455887,0.264575305803295,-3.5161874069515,0.000437791845851291,0.0165431866401771,17848.3401159694,13830.5947686527,13390.8570411273,27308.4243760849,29950.3643722749
"345","LOC101862758",459.529626467721,-1.20077702307342,0.341905519028511,-3.51201415667492,0.000444724309012053,0.0167564385299933,227.336581422916,319.338455038495,360.584884320784,494.656733995198,895.731477561213
"346","LOC118477253",14.3257715050877,-2.95641715067313,0.844422999919993,-3.50110922008667,0.000463325917285806,0.0174068601121335,7.73911766546098,1.85123742051301,2.008829439113,17.9875175998254,42.0421554005263
"347","LOC101850728",142.36145580274,1.42587353372941,0.408945610963051,3.48670702290101,0.000489006741693432,0.0183187280555416,115.119375273732,223.074109171818,232.019800217552,52.8383329494871,88.7556614011111
"348","LOC101854102",31.6392463519733,-1.89737464063265,0.545122109962543,-3.48064150390639,0.000500214518791485,0.018684737154513,20.3151838718351,12.0330432333346,13.0573913542345,42.7203542995853,70.0702590008772
"349","LOC101856412",101.125952817783,1.51382913220654,0.43596382013964,3.47237330777049,0.000515878439077232,0.0192146241534812,128.662831188289,187.900598182071,93.4105689187546,62.9563115993888,32.6994542004094
"350","LOC101855582",104.462790016063,1.56228201393258,0.451248278868676,3.46213401156759,0.000535910238679734,0.0198470005487119,229.271360839281,94.4131084461637,102.450301394763,49.4656733995198,46.7135060005848
"351","LOC106011773",11.3768254186986,-3.06835115094866,0.886237771135805,-3.46222114525343,0.000535736757226524,0.0198470005487119,3.86955883273049,3.70247484102603,1.0044147195565,19.1117374498145,29.1959412503655
"352","LOC101855655",13.3329570310346,4.2281245718978,1.22633743078287,3.44776605994865,0.000565243388387059,0.0208738602433051,29.0216912454787,21.2892303358997,14.061806073791,1.12421984998909,1.16783765001462
"353","LOC101863825",35.4867013008879,-1.95581112126676,0.56792392858145,-3.44379066075266,0.000573619652471309,0.0210635080860863,27.0869118291134,7.40494968205206,15.0662207933475,75.3227299492688,52.5526942506579
"354","LOC106011700",1568.49204070187,-1.17078596165422,0.339903372222652,-3.44446703778892,0.00057218639793804,0.0210635080860863,627.835920610522,1310.67609372321,1197.26234571135,2008.9808719305,2697.70497153377
"355","LOC101861597",39.1160098708368,-1.63752633197576,0.475889629974986,-3.44097922886412,0.000579613025526236,0.021223633010748,23.2173529963829,21.2892303358997,19.0838796715735,59.5836520494216,72.4059343009064
"356","LOC101850373",55.7052653250791,-1.65261219724514,0.482009197347966,-3.4285905877686,0.000606724018884993,0.0221539480940619,47.4020957009485,18.5123742051301,24.105953269356,107.925105598952,80.5807978510088
"357","LOC101855544",1138.07068889021,1.17099570354125,0.342274129597929,3.42122177015488,0.000623404751140141,0.022699267115044,1665.84507749048,1595.76665648222,1128.96214478151,873.51882344152,426.260742255336
"358","LOC101847522",76.7434796298854,-1.34733431074167,0.396717702965051,-3.39620415391537,0.000683273762651841,0.0248097084936069,41.5977574518528,43.5040793820558,57.2516390147206,100.055566649029,141.308355651769
"359","LOC101856013",146.513121963928,1.12400841371706,0.331122402118214,3.39454052799416,0.000687438644817988,0.0248914065292173,177.03231659742,197.156785284636,186.821137837509,93.3102475490942,78.2451225509795
"360","LOC101857679",11.3591405321638,-3.23463589716875,0.954635509759955,-3.38834650932072,0.00070315371663998,0.0253897087850086,3.86955883273049,0,4.017658878226,33.7265954996726,15.1818894501901
"361","LOC101853798",11.2024825152225,-3.2518410904054,0.962020808925913,-3.38021907658738,0.00072428073647699,0.0260801254666604,2.90216912454787,4.62809355128254,0,14.6148580498581,33.867291850424
"362","LOC101860450",27.5823043986356,-1.95315993406356,0.57871459312081,-3.37499685904037,0.000738165333395279,0.0265066606873073,19.3477941636524,11.1074245230781,8.03531775645201,56.2109924994543,43.2099930505409
"363","LOC106012562",315.728359913098,0.967936248410275,0.287064991596709,3.37183661102817,0.00074668731180027,0.0267388109258725,376.31459648304,383.206146046194,417.836523335504,192.241594348134,209.042939352617
"364","LOC101857108",228.092198115026,1.56464643512354,0.465234281154984,3.36313659268439,0.000770622236171877,0.0275201056263688,320.205993408448,413.751563484659,196.865285033074,165.260317948396,44.3778307005556
"365","LOC101852737",368.045443978144,0.952755225067724,0.283521425001201,3.36043466578826,0.000778199339160664,0.0277145567390397,474.988346717668,426.71022542825,467.052844593773,219.222870747872,252.252932403158
"366","LOC118477376",18.1248613248911,-2.39563868161618,0.713540326225186,-3.35739774413274,0.000786798402048468,0.0279442416071804,8.7065073736436,8.33056839230857,3.0132441586695,47.2172336995416,23.3567530002924
"367","LOC101860434",68.7345208407216,1.38744818228413,0.414223240210087,3.349517959399,0.000809523074732706,0.0286729984971402,90.9346325691665,104.594914258985,78.3443481254071,37.0992550496399,32.6994542004094
"368","LOC101854750",267.272770701217,1.01247562129064,0.303209361356612,3.33919644420161,0.000840211242292564,0.0296790922243507,330.847280198457,382.280527335938,291.280268671385,173.129856898319,158.825920401988
"369","LOC101851977",33.8945570003107,-2.01229995374089,0.605666448024733,-3.32245571849592,0.000892288327014915,0.0312083563744079,15.478235330922,20.3636116256432,10.044147195565,95.5586872490724,28.0281036003509
"370","LOC101858759",18.0147790505393,2.77982373034959,0.836489572294503,3.32320189326986,0.000889904819620774,0.0312083563744079,38.6955883273049,20.3636116256432,23.1015385497995,6.74531909993452,1.16783765001462
"371","LOC106013671",20.2018266908075,-2.38566249122108,0.718097279222899,-3.32219959641508,0.000893107821469323,0.0312083563744079,5.80433824909573,2.77685613076952,14.061806073791,26.9812763997381,51.3848566006433
"372","LOC118479054",47.1938251979791,1.76143082463662,0.530095352444319,3.32285657007649,0.000891007151505145,0.0312083563744079,82.2281251955229,76.8263529512901,38.167759343147,24.7328366997599,14.0140518001754
"373","LOC101845791",17.5334504578086,-2.31780705529764,0.698350339641733,-3.31897462309064,0.000903486396346521,0.0314863798018993,10.6412867900088,4.62809355128254,5.0220735977825,39.347694749618,28.0281036003509
"374","LOC101859337",170.082877086218,1.13035889497511,0.340901906279268,3.31578930523526,0.000913846981214082,0.031762291200005,225.401802006551,253.619526610283,172.759331763718,87.6891482991488,110.944576751389
"375","LOC101845252",156.151734062238,-1.17577837051452,0.355084923934037,-3.3112596206223,0.000928769965440034,0.0321948820820133,81.2607354873403,102.743676838472,127.560669383676,187.744714948177,281.448873653523
"376","LOC101845728",178.232490765049,-3.72596229712432,1.1256052718256,-3.31018554229162,0.000932341464193096,0.0322327305666119,3.86955883273049,53.6858851948774,33.1456857453645,348.508153496617,451.953170555658
"377","LOC101850274",2377.67709259574,1.33776243095545,0.405278195893697,3.30084974841909,0.000963924885423843,0.0332362323226115,3993.38471537786,3313.7149827183,2100.23117859264,1851.59009293203,629.46449335788
"378","LOC106012126",311.48920278916,0.949459387803587,0.28831019697105,3.29318698325098,0.000990585728273291,0.0339752609019116,354.06463319484,410.974707353889,392.726155346592,203.483792848025,196.196725202456
"379","LOC106012394",24.7054344195223,2.15786684529757,0.655116174888674,3.29386897776455,0.000988185492018054,0.0339752609019116,27.0869118291134,47.2065542230819,33.1456857453645,6.74531909993452,9.34270120011696
"380","LOC101849075",1098.40531633721,1.4009743445628,0.42581550075794,3.29009710090193,0.00100152815055453,0.0341720220377817,2212.42026261366,1177.38699944628,995.374987080492,819.556270642044,287.288061903596
"381","LOC101855824",22.8166747226286,2.57577585033643,0.782890963025991,3.29008249166738,0.00100158015204207,0.0341720220377817,14.5108456227393,26.8429425974387,61.2692978929466,5.62109924994543,5.8391882500731
"382","LOC101849694",35.3239295216329,-1.81838625775798,0.553983928432152,-3.28238088585755,0.00102934463583121,0.035027358432382,11.6086764981915,11.1074245230781,30.132441586695,60.7078718994107,63.0632331007895
"383","LOC101845562",16.6737740243004,-2.50241489009174,0.76415178365646,-3.27476156388421,0.00105751189429038,0.0358918984696622,8.7065073736436,2.77685613076952,6.026488317339,48.3414535495307,17.5175647502193
"384","LOC101845758",299.911606720795,-0.954682963543648,0.2923991860201,-3.26499870446979,0.00109464577209837,0.0370554697695487,201.217059301985,211.041065938484,242.063947413117,458.681698795547,386.554262154839
"385","LOC101855507",179.250010163956,-1.16154448592707,0.356334069618972,-3.25970650847143,0.00111527556311926,0.0375792987483712,83.1955149037055,162.908893005145,113.498863309885,255.197905947523,281.448873653523
"386","LOC101860157",443.996383230744,1.23127363002735,0.377743759546742,3.25954724309612,0.00111590193990855,0.0375792987483712,682.977133976931,571.106744228265,475.088162350225,353.005032896573,137.804842701725
"387","LOC101852750",46.5908684864889,-1.43819927673516,0.44132764465663,-3.25880169562941,0.00111883844039751,0.0375808291646698,28.054301537296,26.8429425974387,28.123612147582,78.6953894992361,71.2380966508918
"388","LOC106011913",15.9562971553974,3.10289423128909,0.952447552840681,3.25781112254915,0.00112275108047338,0.0376150548842098,39.6629780354875,9.25618710256507,25.1103679889125,2.24843969997817,3.50351295004386
"389","LOC101846900",15.3906284023292,-2.37592781917615,0.730285082671602,-3.25342510144708,0.00114022779569282,0.0381023679079975,4.83694854091311,8.33056839230857,4.017658878226,24.7328366997599,35.0351295004386
"390","LOC100533407",1350.62157120983,1.29418643730312,0.399304256032121,3.24110353884886,0.00119067928696188,0.0396862565415832,1020.59614213267,1507.83287900785,2781.22435845195,511.520031745034,931.934444711667
"391","LOC101860860",75.5853983464059,-1.53164752285645,0.472916561073903,-3.23872676266268,0.00120064535468766,0.0399160843109587,21.2825735800177,41.6528419615428,66.2913714907291,151.769679748527,96.9305249512134
"392","LOC101846103",92.5622097956792,-1.36765964656038,0.422999758825988,-3.23323977856687,0.00122394785591682,0.0405869851506701,74.4890075300619,43.5040793820558,52.229565416938,194.490034048112,98.0983626012281
"393","LOC101852722",8.92202479974255,-3.99022878635672,1.23749469337862,-3.22444112908683,0.0012621880526455,0.0417485559703278,0.967389708182622,1.85123742051301,1.0044147195565,2.24843969997817,38.5386424504825
"394","LOC101846908",361.632454800978,-0.989800608125238,0.30773172918002,-3.21643988665925,0.00129791721487668,0.0428213854725432,192.510551928342,283.239325338491,302.328830586507,510.395811895045,519.687754256506
"395","LOC101852099",395.714222665343,-0.91646867696577,0.284997769291969,-3.21570473776896,0.00130124637930333,0.0428225359102885,302.792978661161,286.016181469261,287.262609793159,480.04187594534,622.457467457792
"396","LOC101862695",148.085823429932,1.11699761097498,0.347686014743719,3.21266189495234,0.00131511006034626,0.0430607447718917,149.945404768306,229.553440143614,186.821137837509,87.6891482991488,86.4199861010819
"397","LOC101862757",706.297027767912,1.01930726023148,0.317257395138857,3.21287155429537,0.00131415046376575,0.0430607447718917,1159.90026011096,861.751019248808,635.794517479265,468.799677445449,405.239664555073
"398","LOC101859843",65.3500684942958,1.41126506303706,0.43940446430385,3.21176769396946,0.00131921002182363,0.043086459984134,66.7498898646009,87.0081587641117,107.472374992546,26.9812763997381,38.5386424504825
"399","LOC101851372",68.7069983394627,-1.24790069299686,0.389536233364749,-3.20355485860122,0.00135742176266216,0.0442233721625199,46.4347059927659,45.3553168025689,41.1810035018165,111.29776514892,99.2662002512427
"400","LOC101864157",6.77943729946658,-3.9894421300781,1.25082189193873,-3.18945659313223,0.00142540543801195,0.0463221132217935,0.967389708182622,0,2.008829439113,15.7390778998472,15.1818894501901
"401","LOC101848562",323.736593964942,-0.935442606185029,0.293562773074054,-3.18651645230594,0.00143997297665295,0.046678824746912,248.619155002934,213.817922069253,249.094850450012,397.973826896137,509.177215406374
"402","LOC101852562",329.068488851859,1.26742900035784,0.397861295970964,3.18560516741076,0.0014445159094693,0.0467096077293318,481.760074674946,503.53657837954,303.333245306063,257.446345647501,99.2662002512427
"403","LOC101849484",120.238916718794,1.14259480994297,0.359012894393519,3.18260103686014,0.00145958580788957,0.0470797913567158,178.967096013785,146.247756220528,136.600401859684,79.8196093492251,59.5597201507456
"404","LOC101863697",26.4770520157964,-1.91243974904116,0.60155113347401,-3.17918069241537,0.00147691991873538,0.0475209951080228,15.478235330922,10.1818058128216,12.052976634678,28.1054962497272,66.5667460508333
"405","LOC106011391",490.416374384984,0.90749958376879,0.285770185933827,3.17562722928323,0.0014951294181702,0.0479881168068999,516.58610416952,591.470355853908,701.081474250438,314.781557996944,328.162379654108
"406","AcDopbH",99.8192984680357,1.32371243811563,0.417213181021726,3.17274836541346,0.00151003340426892,0.0482416587216704,137.369338561932,169.388223976941,87.3840806014156,64.0805314493779,40.8743177505117
"407","LOC101848099",42.0921144932359,2.09524477729523,0.660404665539836,3.17266804222607,0.00151045119622431,0.0482416587216704,64.8151104482357,97.1899645769333,20.08829439113,21.3601771497926,7.00702590008772
"408","LOC106011100",6.72620484323747,-4.62346712359263,1.45783766163114,-3.17145539951241,0.00151677157247647,0.0483247884083865,1.93477941636524,0,0,25.857056549749,5.8391882500731
"409","LOC101847508",1527.55824076222,-0.930377667021368,0.294238169841907,-3.1619883563076,0.00156695829725971,0.0498016892569169,841.629046118881,1189.42004267961,1332.85833285148,1906.67686558149,2367.20691657963
