"","gene_id","baseMean","log2FoldChange","lfcSE","stat","pvalue","padj","AC190A","AC191A","AC192A","AC193A","AC194A","AC195A","AC202A","AC203A","AC204A","AC205A","AC206A","AC207A"
"1","LOC101856679",1590.93086476618,-1.92253768809055,0.134929147541443,-14.248497994105,4.58026787198297e-46,5.12715185589773e-42,2818.15557119485,2724.15694765116,2126.44583439312,571.517194667868,578.683536056678,565.414375793838,2611.52075502999,2177.50766785993,2647.86079500249,745.367063703266,721.157358709984,803.383277130965
"2","LOC106013078",110.723859610764,-3.39746272107888,0.284096730250697,-11.9588237361297,5.83830556628268e-33,3.26769962544842e-29,173.57559582533,173.923247804183,168.363903592682,25.4636373861921,14.8380393860687,6.92344133625108,247.115256510723,282.697219501543,167.684851524458,26.4559297302085,12.7316557653717,28.913536966153
"3","LOC101845085",596.083694690454,-1.5706526136465,0.153797493661726,-10.2124721037464,1.74364777279608e-24,6.50613105622645e-21,937.308217456782,681.279462393182,897.292017991056,226.343443432819,269.703186487954,258.47514322004,916.175610873089,1036.55647150566,882.295294358341,343.927086492711,347.392321598,356.256080475813
"4","LOC101864389",1511.49439644479,-1.05126549169362,0.104003195118167,-10.1080114942544,5.09070132493621e-24,1.4246327657834e-20,2332.14390288392,1874.71964898321,1838.37811495131,873.308452578293,907.738880088906,904.66300127014,2182.01090442802,2025.0728926385,1981.02103661453,1076.64131423805,1070.36848827447,1071.8661203881
"5","LOC101863543",544.094649060251,-0.792136300292683,0.0973875823356579,-8.13385322127097,4.15856020266109e-16,9.31018458171765e-13,713.88527103546,622.664445177408,692.919649468148,376.295974707062,376.187939729152,366.942390821307,688.392500279871,788.965442661169,631.742928999122,418.693844425909,422.872852206989,429.572549211416
"6","LOC101849343",510.174233651632,-2.29727416434396,0.295925014066175,-7.76302798056214,8.29253083480011e-15,1.54710983607921e-11,1258.6456025488,1277.9995556882,1076.36114088732,188.619536194016,215.587984021115,145.392268061273,409.337176601096,462.847408399585,602.495571175088,141.481711165898,156.417485117424,186.905363959775
"7","LOC101861245",557.754471491361,-0.820821666874489,0.112328394973761,-7.30733904874389,2.7248440505522e-13,4.35741490026877e-10,828.71220365837,712.989225804995,800.945044258828,389.499342240643,360.477074496844,426.945549068816,699.319365363679,628.216043336762,602.495571175088,403.740492839269,410.141196441618,429.572549211416
"8","LOC100856795",652.10628804251,-1.16813344304064,0.160388416373501,-7.283153418763,3.26106006983315e-13,4.56303830271404e-10,1048.57462503712,1077.17105408005,1032.56706191812,323.482504572737,426.811838811034,362.326763263806,725.375735948143,800.051608131818,732.158857528303,371.533274037276,419.235236274026,505.986896907677
"9","LOC101861135",338.695358045768,0.827392687883842,0.115514061959079,7.16270100671333,7.91027558294324e-13,9.83862498616296e-10,198.499271123326,241.186382314088,222.863201865458,457.402375270489,442.522704043342,406.175225060063,260.56370584464,295.6310792173,246.652717649348,395.688688138771,451.064375687455,446.094570334932
"10","LOC101864551",326.594935377117,-0.652400322705425,0.0947131400729904,-6.88817118936881,5.65141799452209e-12,6.32619730306803e-09,404.119592331794,395.89159168687,433.074780917592,257.465666904832,267.957534795475,250.397794994414,381.599749849892,424.969676374869,356.817765453208,240.40388320059,271.00238700577,235.438801010103
"11","LOC101858729",597.593303701586,-0.94661155312398,0.144483712582979,-6.55168348183418,5.68920287687696e-11,5.78953972761461e-08,693.412252040677,663.983227804921,783.42741267115,324.425602253707,366.58685542052,376.173645936308,829.601218285998,911.83710996086,839.399169549759,389.937399066986,518.360270447277,473.975480980865
"12","LOC101854569",145.575095474517,-0.950599850447053,0.146180845629739,-6.5029029374671,7.87846338093069e-11,7.34929325717818e-08,210.961108772324,195.063090078725,185.88153518036,88.6511820111875,105.611927394959,85.3891098137633,182.394594091248,178.302494652934,197.907121275959,139.181195537184,91.8498023073246,85.7079845782392
"13","LOC101846369",253.018131665868,-1.09240198427567,0.171770364610818,-6.35966504903648,2.02194167180913e-10,1.74104731340242e-07,355.162372996445,287.309674549452,307.531754539234,129.204382292901,147.507568014447,113.082875158768,387.483446433481,403.721192556125,325.620583774239,185.19150811146,190.974836480576,203.427385083291
"14","LOC101862343",326.277260504148,-0.977226451221574,0.155344196610751,-6.2907174683212,3.16002015205334e-10,2.52666182729179e-07,552.771512859128,381.478062863319,407.771535290946,205.595294451477,212.969506482397,170.778219627527,461.449917770023,355.681142183314,436.760543505566,287.564453589223,224.622783860487,217.884153566367
"15","LOC101845107",1071.75965197209,-0.644035168253165,0.105254200023003,-6.11885481161238,9.42502273816376e-10,7.03358030206701e-07,1317.39426575122,1106.95901364872,1238.88583395077,765.795316947704,786.416087461639,762.732453876994,1476.80784248075,1264.74671077651,1437.02018108751,902.95238427016,880.303055777131,921.102677636016
"16","LOC101863673",1972.23319533226,-0.490255724520038,0.0809041016943493,-6.05971408436365,1.36363721655435e-09,9.54034687631838e-07,2631.22800645987,2189.8954792582,2192.62355372435,1541.96470838608,1632.18433246755,1689.31968604526,2087.03123100723,2431.56562656229,2292.01794147675,1662.12254174571,1691.49140882796,1625.35382802588
"17","LOC101858131",88.4506295187389,-1.98695189761891,0.330064440204038,-6.01989083219816,1.74534743160348e-09,1.1492599499629e-06,101.47496371327,162.392424745342,72.9901316153245,64.1306423059654,37.5315113882913,23.0781377875036,223.580470176368,103.470877726055,184.25835429141,21.8548984727809,26.3727155139843,40.2724264885702
"18","LOC101859924",402.460136822508,-0.749302043429538,0.125028730807066,-5.9930388686885,2.05955600192905e-09,1.2808149936441e-06,565.233350508126,439.132178157524,581.974649412854,268.782839076473,288.905355105219,278.091560339418,511.041074688842,420.350440762098,510.853849993117,286.414195774866,348.301725581241,330.44042247032
"19","LOC101849332",1133.64121904466,-0.906263071659902,0.158044359035498,-5.73423232053698,9.79549902353546e-09,5.77109558260294e-06,1584.43364394404,1138.66877706054,1169.78850935493,737.502386518602,737.537840072236,703.883202518859,1546.57167340044,2058.33138905045,1372.67599387463,818.983563822107,880.303055777131,855.014593141952
"20","LOC101857099",1494.82086792874,-0.704930908316724,0.123664518206923,-5.70034896458489,1.19562422600744e-08,6.69190879296364e-06,2122.96305663288,1699.83549925746,2013.55443082809,974.219904442092,947.016043169676,1089.28810357017,1693.66408799016,1809.81651308341,1777.26444377376,1150.25781435689,1311.36054383329,1348.60997420699
"21","LOC101852258",527.045184895224,-0.688455015476974,0.120974913020177,-5.69089076643642,1.26378339196088e-08,6.7365672807667e-06,666.708314221396,588.071976000885,626.74193013692,454.573082227578,398.881411731375,377.327552825684,566.515928191249,808.366232234805,647.341519838606,399.139461581841,442.879739838288,347.995069914055
"22","LOC101857902",155.053245622768,-1.2350205903114,0.217665422167503,-5.67394020608839,1.39549858515516e-08,7.10055052828493e-06,182.476908431757,145.096190157081,180.042324651134,88.6511820111875,81.172803700258,63.4648789156349,279.895851762145,260.524888560246,258.351660778962,89.7201095198375,130.04476960344,101.197379381535
"23","LOC101856093",25.6312127830587,-1.67401242870967,0.295626379954313,-5.66259489078198,1.4910087563368e-08,7.25667479062356e-06,40.0559067289223,34.5924691765226,31.1424561558718,12.260269852611,6.10978092367533,19.616417119378,31.0995390846828,43.4208147600409,53.6201560107279,8.05180470049824,17.2786756815759,10.3262632021975
"24","LOC101857824",137.175073634894,-1.2971659442104,0.231597622681696,-5.60094671607751,2.13184265749141e-08,9.9432694616495e-06,229.653865245821,231.577363098388,296.826535235653,76.3909121585764,70.6988935453859,70.3883202518859,144.570830339607,120.100125932028,147.211701047635,88.5698517054807,78.208742558712,91.9037424995577
"25","LOC101846746",452.867049472504,-0.73320525949646,0.131340444050082,-5.58247891423968,2.37114364948832e-08,1.06170328049489e-05,624.872144971188,552.518604902792,529.421754649821,327.254895296618,305.489046183766,312.708767020674,514.403187022321,697.504577528317,474.782108676809,338.175797420926,416.507024324304,340.766685672517
"26","LOC101845924",69.9686004497181,-4.08432470185257,0.7406019713966,-5.51487149588666,3.49034893396491e-08,1.50272946026166e-05,23.1434127767107,83.5984671765964,36.9816666850978,1.88619536194016,3.49130338495733,12.692975783127,137.846605672648,64.6692985787844,446.509662780243,6.90154688614135,13.6410597486126,8.26101056175799
"27","LOC101859754",383.466719029478,-0.76848391202577,0.140144645080818,-5.48350535678766,4.16979644962142e-08,1.72876672063193e-05,580.365581939052,512.160724196849,544.992982727756,286.701695014904,219.952113252312,321.940022135675,404.294008100877,423.121982129761,433.835807723162,273.76135981694,301.012718452717,299.461632863727
"28","LOC101856183",466.856053296659,-0.535746516767716,0.0985106042380378,-5.43846544147831,5.3741430950933e-08,2.14850563594551e-05,572.354400593268,507.356214588999,617.983114343081,368.751193259301,330.800995724707,410.790852617564,548.864838440483,559.851356267762,507.929114210714,386.486625623916,418.325832290785,372.778101599329
"29","LOC106011018",75.2857705594818,-1.11655821259479,0.206037469636471,-5.41919979198362,5.9866385821812e-08,2.31084249272194e-05,111.26640758034,131.6435632551,114.837807074777,40.5532002817134,68.9532418529073,53.0797169112582,76.4880555866524,95.1562536230684,89.6918973270358,37.9585078737774,44.560795178801,39.2398001683505
"30","LOC106011636",25.6194689464062,-2.06323126232207,0.381433566644449,-5.40914969931133,6.33246823196052e-08,2.36285497961887e-05,44.5065630321359,31.7097634118124,22.3836403620329,4.7154884048504,20.0749944635047,10.3851620043766,38.6642918350111,36.9538849021625,74.0933064875513,10.352320329212,6.36582788268586,7.22838424153824
"31","LOC101861455",627.379395401816,-0.715177635481057,0.133392110058345,-5.36146879428059,8.254798420011e-08,2.98078108108397e-05,961.341761494136,875.381650550337,823.328684620861,442.312812374967,510.60312005001,557.337027568212,689.233028363241,665.169928238925,663.915022605558,433.647196012548,444.69854780477,461.583965138228
"32","LOC101847240",98.057205440978,-0.751212383707038,0.140865976938016,-5.3328163410075,9.6701103834217e-08,3.3827254885007e-05,125.508507750623,110.503720980558,144.033859720907,66.9599353488756,65.46193846795,63.4648789156349,117.673931671773,118.25243168692,121.863990933473,85.11907826241,77.2993385754712,80.5448529771404
"33","LOC106013573",216.535244248594,-0.878337145634872,0.167459247495274,-5.24507997481393,1.56214551173177e-07,5.2989869267653e-05,308.875547443023,279.622459176891,292.933728216169,127.318186930961,136.160832013336,107.313340711892,231.145222926697,300.25031483007,270.050603908575,177.139703410961,160.055101050387,207.55789036417
"34","LOC101855562",581.544603421703,-1.07183740911806,0.205158969532358,-5.22442382880562,1.74698222431967e-07,5.75168206442189e-05,531.408362603703,650.53060090294,668.589605596373,255.579471542891,403.245540962572,323.09392902505,1043.09535146193,1011.6125991967,823.800578710274,378.434820923417,449.245567720974,439.898812413613
"35","LOC101849748",263.616774443674,-0.704285918308272,0.135805348342937,-5.18599544790979,2.14864057123287e-07,6.87196644410879e-05,421.922217544648,307.488614902424,351.325833508429,181.074754746255,192.894512018893,190.394636746905,272.331099011817,293.783384972192,312.946728717157,232.352078500092,205.525300212429,201.362132442851
"36","LOC101850388",1692.05711429816,-0.673099479541167,0.132266969931629,-5.08894609054024,3.60058943297358e-07,0.000109995866249964,2697.09771974744,1786.31667219877,2253.93526428122,1364.6623443637,1387.79309552054,1265.83585764457,2176.9677359278,1876.3335059073,1688.5474583742,1157.15936124303,1392.29749834172,1257.73885802765
"37","LOC101862987",197.312654202208,-0.609679338663143,0.119848037655335,-5.08710322330424,3.63573972775474e-07,0.000109995866249964,204.730189947825,245.990891921939,254.005658021329,160.326605764913,177.183646786585,160.39305762315,250.477368844202,215.256379555097,260.301484633897,161.036094009965,142.776425368811,135.274047948787
"38","LOC106011374",15.0092890406903,-2.80819686273366,0.553933745931642,-5.06955368463904,3.98749655645114e-07,0.000117463253823458,10.6815751277126,18.2571365098314,6.81241228409696,2.82929304291024,6.10978092367533,4.61562755750072,48.7506288354488,30.4869550442841,42.8961248085823,1.15025781435689,5.45642389944502,2.0652526404395
"39","LOC101847838",619.507245713724,-0.704701446026664,0.139237725921522,-5.06113872057816,4.1675984074764e-07,0.000119620760444336,750.380652721811,645.72609129509,789.266623200376,389.499342240643,393.644456653939,406.175225060063,816.993297035451,792.660831151386,812.101635580661,494.610860173463,587.474973173581,555.552960278225
"40","LOC101845692",122.427854026758,-0.918381499057397,0.181683184030156,-5.05485141049136,4.30725982924027e-07,0.000120538666321289,170.905202043402,161.431522823772,168.363903592682,92.4235727350678,85.5369329314546,98.0820855968902,110.109178921445,212.484838187434,137.462581772957,71.3159844901273,69.1147027263036,91.9037424995577
"41","LOC101851605",251.456157482521,-1.85317295755448,0.369903083960698,-5.00988782713522,5.44617700147533e-07,0.000148693915498817,289.292659708883,379.556259020179,272.496491363878,33.9515165149229,236.535804330859,91.1586442606392,330.327536764334,378.777320247166,713.635530906415,82.8185626336962,111.856689938623,97.0668741006564
"42","LOC101848059",110.319600656871,-1.02234343653179,0.206394086498779,-4.95335624132739,7.29442537205433e-07,0.000194413803844705,125.508507750623,173.923247804183,206.318772032651,76.3909121585764,78.55432616154,87.6969235925136,151.295055006565,90.5370180102981,139.412405627893,72.4662423044842,61.8394708603769,59.8923265727454
"43","LOC101852154",449.09629174674,-0.602223290224437,0.121904206367676,-4.94013544051195,7.80683247090334e-07,0.0002032318201844,565.233350508126,442.975785843804,487.574079190368,339.515165149229,363.095552035562,336.940811697552,635.439231027573,625.4445019691,492.330523371229,335.875281792212,391.953116776801,372.778101599329
"44","LOC101853528",408.304040696319,-0.692400993321638,0.141355785205835,-4.89828550217028,9.66764963177644e-07,0.000245953795404785,642.674770184042,535.222370314531,558.61780729595,282.929304291024,281.049922489065,330.017370361301,466.493086270242,409.26427529145,413.362657246339,350.828633378852,310.106758285126,319.081532947902
"45","LOC101857051",118.011126716541,-1.01010975610095,0.207157110234366,-4.87605641417842,1.08227668670469e-06,0.000269222338466052,106.815751277126,122.995445960969,148.899868495262,62.2444469440252,61.9706350829926,70.3883202518859,177.351425591029,214.332532432542,175.4841469442,92.0206251485513,92.7592062905654,90.8711161793379
"46","LOC101861653",393.152371267361,-0.526939457520916,0.108355452235,-4.86306361749198,1.15582677777427e-06,0.000281267933704462,494.022849656709,408.383316667281,418.476754594527,295.189574143635,310.726001261202,285.015001675669,502.635793855144,498.877446179194,462.108253619728,338.175797420926,335.570069815869,368.64759631845
"47","LOC101848695",366.058565646127,-1.04746161531652,0.220035066169065,-4.76043038754422,1.93180558278533e-06,0.000460098546674447,296.413709794025,487.177274236027,485.627675680626,216.912466623118,247.009714485731,160.39305762315,753.113162699346,487.791280708545,450.409310490114,250.756203529802,240.082651575581,317.016280307463
"48","LOC101855646",940.619771777496,-0.450602889724075,0.094744272604867,-4.75599080910488,1.97475453936362e-06,0.000460529214867425,1176.75352656967,1020.47784070742,1015.04943033045,825.21047084882,729.682407456082,692.344133625108,1135.55344063261,1102.149617207,1068.50347250469,763.771188732976,865.752592045277,892.189140669863
"49","LOC101858475",19.556104285956,-1.50763688770027,0.31980430510509,-4.71424825630426,2.42604734940466e-06,0.000554228041412974,23.1434127767107,18.2571365098314,24.3300438717748,9.43097680970079,7.85543261615399,5.7695344468759,42.8669322518601,27.7154136766219,37.0466532437757,14.9533515866396,10.91284779889,12.391515842637
"50","LOC100533384",1462.06941250474,-0.471406925048206,0.100088619657299,-4.70989535735722,2.47844006868531e-06,0.000554873162577267,1771.36120867901,1599.90169941417,1625.24693063456,1106.2535797779,1303.12898843532,1182.75456160956,1654.99979615515,2025.99673976106,1515.9880472124,1149.10755654253,1283.16902035282,1326.92482148238
"51","LOC101864264",305.928214800029,-1.67155260319128,0.355435793410542,-4.70282575413155,2.56585383380205e-06,0.000563179761089808,192.268352298827,334.393868706386,664.696798576889,86.7649866492473,176.310820940345,212.318867645033,292.503773012692,881.350154916576,428.961248085823,83.9688204480531,170.967948849277,146.632937471204
"52","LOC106012782",371.298212012206,-1.02756103448537,0.218999727553429,-4.6920653553538,2.70460693165388e-06,0.00058221865371026,501.14389974185,385.3216705496,449.619210750399,234.83132256155,347.384686803254,173.086033406277,404.294008100877,441.598924580842,808.20198787079,253.056719158516,216.438148011319,240.601932611202
"53","LOC101862076",794.931461795423,-0.896676106500306,0.191326291167379,-4.68663298195574,2.77736380133811e-06,0.000583743268146365,869.658241647936,1119.45073862914,1313.82236907584,497.012477871232,810.85521115634,550.41358623196,822.03646553567,1227.79282587435,854.022848461776,457.802610114043,432.876296022639,583.433870924158
"54","LOC101864433",177.761835301019,-0.859352145629451,0.183473100085873,-4.68380457531506,2.81598503483149e-06,0.000583743268146365,194.048614820113,225.811951568967,328.942193146396,136.749163740662,150.126045553165,146.546174950648,227.783110593217,172.75941191761,226.179567172525,115.025781435689,110.037881972141,99.1321267410959
"55","LOC101862016",191.718097262633,-0.547148656493756,0.117286128895421,-4.66507558606206,3.08503616587008e-06,0.00062788899710454,259.918328107674,226.772853490537,254.9788597762,150.895628955213,162.345607400516,171.932126516902,200.886211925384,215.256379555097,207.656240550637,156.435062752537,142.776425368811,150.763442752083
"56","LOC101845428",206.926650995177,-0.78943568379367,0.171401174553774,-4.60577756161175,4.10927466335099e-06,0.000821414653241982,291.072922230169,236.381872706238,330.888596656138,143.350847507452,116.085837549831,115.390688937518,231.145222926697,230.961780638516,252.502189214155,170.23815652482,170.967948849277,194.133748201313
"57","LOC101857848",570.955649708525,0.43092449548069,0.0936666185145456,4.60061975455825,4.21235762747589e-06,0.000827247917227458,504.704424784421,477.568255020327,477.842061641658,592.26534364921,583.047665287874,624.263627151972,493.389984938076,508.115917404734,455.283870127453,701.657266757704,708.425702944612,724.903676794264
"58","LOC101854304",872.591911471136,-0.632767316582117,0.138156613993519,-4.580072558899,4.64814646018815e-06,0.00088188731314146,1185.6548391761,1010.86882149172,1257.37666729332,733.729995794722,733.17371084104,793.887939890123,822.03646553567,1168.66661003089,921.291771457052,613.087415052223,629.307556402659,602.021144688114
"59","LOC101860495",957.446601826577,-0.481335713314765,0.10506747692194,-4.58120559678402,4.62303070081118e-06,0.00088188731314146,1079.72921915962,1062.7575252565,1146.43166723803,814.836396358149,631.053086831037,751.193384983242,1073.35436246324,1230.56436724201,1100.67556611112,869.59490765381,887.578287643057,841.590450979095
"60","LOC101851585",2971.29703563367,-0.390456087162058,0.085624619447407,-4.56009135785867,5.1131371166656e-06,0.000953940948065911,3877.41177135968,2932.67266463186,3255.35987004347,2511.46912442332,2415.10911654423,2677.06398335042,3549.55009607069,3342.4788894006,3266.92986894453,2527.11641814209,2675.46651869454,2624.9361059986
"61","LOC101847397",602.33192562318,-1.22382595631893,0.273228042778283,-4.47913744092524,7.49452682950906e-06,0.0013753071037627,1489.18959905527,747.581694981517,471.029649357561,392.328635283553,332.546647417186,424.637735290066,606.02074810963,566.31828612564,1180.61834416348,341.626570863997,276.458810905215,399.626385925043
"62","LOC101853150",415.681918393918,-0.643664401083136,0.144072538388729,-4.46764114994931,7.9086827240469e-06,0.00142789990988679,598.168207151907,454.506608902645,606.304693284629,305.563648634306,253.992321255646,293.092349901296,454.725693103065,454.532784296599,472.832284821873,362.331211522421,381.040268977911,351.092948874715
"63","LOC100861465",198.55800641971,-0.620911805470589,0.139404659348433,-4.4540247676992,8.42753722613607e-06,0.001497426217609,189.597958516899,225.811951568967,265.684079079781,159.383508083943,168.455388324191,152.315709397524,290.822716845953,263.296429927908,208.631152478105,147.233000237682,140.048213419089,171.415969156478
"64","LOC101854130",1860.49126884766,-0.39374775399647,0.0885601410520605,-4.4461057685647,8.74409086952652e-06,0.00152939614364812,2190.61303244173,1863.18882592437,2395.04951873752,1475.94787071817,1566.7223939996,1757.4001925184,1981.965220586,2201.52769304633,2043.41539997247,1656.37125267392,1609.64505033628,1584.04877521709
"65","LOC101857874",787.604308799117,-0.35706452988252,0.0812820512043071,-4.39290746963333,1.1184473833496e-05,0.00192613846295622,898.142441988503,816.766633334563,863.229956570571,671.485548850697,712.225890531295,628.879254709473,955.68043079147,879.502460671467,894.969149415422,707.408555829488,762.080537955822,660.880844940639
"66","LOC101845128",1012.35547563297,-1.26246744516496,0.287838475970172,-4.38602740967745,1.15439580953613e-05,0.00194411478820498,1522.12445569905,1890.09407972833,2040.80407996447,592.26534364921,892.900840702837,755.809012540742,1293.57272030613,638.378361684857,1189.39255151069,546.372461819524,352.848745497445,433.703054492295
"67","LOC101861087",101.555854906541,-0.768206907015652,0.175217891740162,-4.38429488784661,1.16362060755524e-05,0.00194411478820498,134.40982035705,86.4811729413066,121.650219358874,80.1633028824567,63.7162867754713,60.0031582475093,135.325021422539,156.130163711637,133.562934063086,82.8185626336962,74.5711266257487,89.8384898591182
"68","LOC101854706",355.901714070266,-0.421436988881773,0.0962161538513388,-4.38010637520312,1.1862138741738e-05,0.00195271736875023,407.680117374365,409.344218588851,449.619210750399,281.043108929084,336.910776648382,315.016580799424,366.470244349235,410.188122414004,402.638626044193,280.662906703082,290.099870653827,321.146785588342
"69","LOC101845454",1516.86897366658,-0.626235330276305,0.143199704410067,-4.37316077471094,1.22460469216155e-05,0.00198104433278109,2345.49587179356,1781.51216259092,2094.33017648238,1359.94685595885,1201.00836442532,1410.07421881647,1678.5345824895,1587.16935654788,1558.88417202098,1021.42893914892,1069.45908429122,1094.58389943293
"70","LOC101861055",492.957429661772,-0.669432785820184,0.153165771143784,-4.3706422186962,1.2388163596094e-05,0.00198104433278109,827.822072397728,558.284016432213,644.259561724598,373.466681664151,296.760787721373,396.943969945062,553.908006940702,493.334363443869,553.749974801699,388.787141252629,441.970335855047,386.202243762186
"71","LOC101853028",65.8114386279389,-1.39071764781825,0.319906340382304,-4.34726503437309,1.3784561395436e-05,0.00215357750028418,64.0894507662757,122.034544039399,107.052193035809,21.6912466623118,53.2423766205993,20.7703240087532,109.268650838075,97.0039478681766,73.1183945600835,16.1036094009965,45.4701991620419,59.8923265727454
"72","LOC101855470",202.29325831202,-0.535366335241899,0.123180425102078,-4.34619652268815,1.38518474200876e-05,0.00215357750028418,274.160428277957,267.13073419648,243.300438717748,166.928289531704,175.437995094106,141.930547393147,216.85624550941,197.703284226569,237.878510302138,173.688929967891,160.055101050387,172.448595476698
"73","LOC101859160",17.5561861185209,1.67406937377883,0.38560102721511,4.34145465293312,1.41542493719016e-05,0.00217044749957625,12.4618376489981,7.68721537256059,3.89280701948397,20.7481489813417,29.6760787721373,8.07734822562625,10.9268650838075,7.3907769804325,7.79929541974224,28.7564453589223,30.9197354301885,42.3376791290097
"74","LOC100533326",225.515685515535,-0.536967319746518,0.124254688766711,-4.32150549066747,1.54968194868036e-05,0.00232738832268167,285.732134666313,231.577363098388,269.576886099265,164.098996488794,213.842332328637,156.931336955024,268.968986678338,272.534901153448,274.925163545914,186.341765925816,216.438148011319,165.22021123516
"75","LOC101864367",1101.26234573859,0.790003511372054,0.182865567891197,4.32013265527438,1.55935433447495e-05,0.00232738832268167,816.250366009372,626.508052863688,647.179166989211,1388.23978638796,1866.10165925969,1552.00476620962,1117.06182279847,719.676908469615,915.442299892246,1154.85884561432,1222.23895347569,1189.58552089315
"76","LOC101847216",12.7532216762902,-1.99599833788367,0.466507997559137,-4.27859403981738,1.88077527596879e-05,0.00273420758950579,8.01118134578446,24.9834499608219,13.6248245681939,2.82929304291024,2.618477538718,5.7695344468759,12.6079212505471,28.6392607991759,34.1219174613723,6.90154688614135,3.63761593296335,9.29363688197774
"77","LOC101854968",120.988341949021,-1.25897237184169,0.294079558503393,-4.2810604662519,1.86004804878035e-05,0.00273420758950579,143.311132963478,123.95634788254,122.623421113745,66.0168376679056,94.2651913938479,32.309392902505,128.60079675558,315.955715913489,190.107825856217,82.8185626336962,75.4805306089895,76.4143476962614
"78","LOC101845697",732.804684956827,-0.627839239313307,0.147352848698669,-4.2607879308612,2.03707457702933e-05,0.00290659349933251,986.265436792132,801.392202589441,909.943640804379,509.272747723843,439.904226504624,490.410427984451,883.395015621666,882.27400203913,875.470910866067,621.139219752721,783.906233553602,610.282155249872
"79","LOC101850363",22.3452934033862,-2.55562744800368,0.600416937872206,-4.2564213079339,2.07725102685904e-05,0.00290659349933251,12.4618376489981,12.491724980411,11.6784210584519,3.77239072388032,6.10978092367533,8.07734822562625,29.4184829179432,123.795514422244,38.9964770987112,10.352320329212,2.72821194972251,8.26101056175799
"80","LOC101858648",721.476102450179,-0.513523460883395,0.120622479987776,-4.25727825307054,2.06930741370491e-05,0.00290659349933251,921.285854765213,789.8613795306,851.55153551212,520.589919895484,461.724872660607,628.879254709473,844.730723786655,858.253976852724,823.800578710274,628.040766638863,602.025436905434,726.968929434703
"81","LOC101849686",159.795788918197,-0.50659570945911,0.119244275054948,-4.24838600616817,2.15316161628628e-05,0.00297561618922329,182.476908431757,174.884149725753,185.88153518036,120.71650316417,130.051051089661,111.928968269392,213.494133175931,177.37864753038,191.082737783685,148.383258052039,141.867021385571,139.404553229666
"82","LOC101857913",49.8298911957749,0.805590693305308,0.190311520682325,4.23301064705394,2.30583584317881e-05,0.00314774712543215,41.8361692502077,39.396978784373,34.0620614204848,58.4720562201449,49.751073235642,55.3875306900086,40.3453480017507,29.56310792173,32.1720936064367,64.4144376039859,78.208742558712,74.3490950558219
"83","LOC101854352",434.088248407893,-0.577475010980448,0.137189769301153,-4.20931541704688,2.56145600805635e-05,0.0034545709101425,609.739913540262,460.272020432065,521.636140610853,364.978802535421,369.205332959238,418.86820084319,461.449917770023,617.129877866114,448.459486635179,295.616258289721,309.197354301885,332.505675110759
"84","LOC101845072",52.7856198519509,0.851443825921321,0.203673364731402,4.18043776634309,2.90948433104391e-05,0.00387723423829828,42.7263005108505,40.3578807059431,47.6868859886787,54.6996654962646,80.2999778540186,72.6961340306363,30.259011001313,32.3346492893922,33.1470055339045,48.3108282029894,82.7557624749162,68.1533371345034
"85","LOC101860489",128.540837139935,-0.824270987471127,0.197563678176369,-4.17217878852855,3.01700748983605e-05,0.00397322139308527,135.299951617693,142.213484392371,148.899868495262,99.0252565018583,110.848882472395,84.2352029243881,150.454526923195,256.829500070029,153.061172612442,67.8652110470566,101.853246122974,91.9037424995577
"86","LOC101852961",25.4351414541936,1.61213182158313,0.38667062678959,4.169263734792,3.05585213563574e-05,0.00397758241933796,10.6815751277126,22.1007441961117,12.6516228133229,46.2117863675339,39.27716308077,30.0015791237547,7.56475275032825,19.4007895736353,2.92473578240334,34.5077344307067,20.0068876312984,59.8923265727454
"87","LOC101856289",18.0371670777644,-1.34711000816902,0.323645481058903,-4.16230130500061,3.15056252130298e-05,0.00405372377740984,27.5940690799243,25.944351882392,33.0888596656138,13.2033675335811,15.710865232308,8.07734822562625,31.0995390846828,15.7054010834191,22.4229743317589,5.75128907178446,5.45642389944502,12.391515842637
"88","LOC101846839",255.454269559037,-0.502117916852425,0.121571562951041,-4.13022506796787,3.62408263141982e-05,0.00455820010967566,341.810404086804,263.2871265102,355.218640527913,204.652196770507,217.333635713594,219.242308981284,270.650042845078,301.174161952624,265.176044271236,186.341765925816,223.713379877246,216.851527246147
"89","LOC101854514",302.952182555669,-0.550157781584087,0.133137451791867,-4.13225410415804,3.5922297608126e-05,0.00455820010967566,324.007778873949,328.628457176965,374.682675625333,203.709099089537,226.061894175987,199.625891861906,383.280806016632,390.787332840368,358.767589308143,277.212133260011,291.918678620309,276.743853818893
"90","LOC101860520",281.154889115981,-0.451155297454612,0.10962455701667,-4.11545834010538,3.86410788278215e-05,0.00478510268567969,388.987360900868,302.684105294573,351.325833508429,228.229638794759,236.535804330859,222.70402964941,293.344301096062,311.336480300719,301.247785587544,239.253625386233,255.542519290675,242.667185251641
"91","LOC101860876",71.8903114387474,-1.34609583042343,0.327205234571404,-4.11391899700701,3.88997984989147e-05,0.00478510268567969,49.8473505959922,73.0285460393256,93.4273684676154,17.9188559384315,33.1673821570946,39.2328342387561,115.152347421663,107.166266216271,180.358706581539,41.4092813168481,50.017219078246,61.9575792131849
"92","LOC101859015",889.361081323205,-0.470387624362179,0.115234766215023,-4.08199400070338,4.46509497028631e-05,0.00543285577145489,1255.97520876688,1034.89136953097,1030.62065840838,690.347502470098,643.272648678388,721.191805859487,980.896273292564,928.466358166833,967.112632048038,735.014743374054,813.007161017309,871.536614265468
"93","LOC101859213",260.488502243469,1.49659710272917,0.367115741799086,4.076635601064,4.56920138116194e-05,0.00544123832560923,105.925620016483,76.8721537256059,74.9365351250665,294.246476462665,440.777052350863,696.959761182608,197.524099591904,220.799462290421,141.362229482828,379.585078737774,128.225961636958,368.64759631845
"94","LOC106012744",15.025414865553,-1.60026416755263,0.392498846403046,-4.0771181424298,4.55973276166092e-05,0.00544123832560923,13.3519689096408,13.452626901981,30.1692544010008,12.260269852611,7.85543261615399,9.23125511500143,38.6642918350111,17.5530953285272,22.4229743317589,4.60103125742757,4.54701991620419,6.19575792131849
"95","LOC101854170",303.04081400357,-0.590226980716758,0.145390685006883,-4.05959281840386,4.91583642741831e-05,0.0057924076808969,429.04326762979,384.360768628029,453.512017769883,266.896643714532,252.246669563167,252.705608773164,312.676447013568,325.19418713903,280.774635110721,217.398726913453,235.535631659377,226.145164128125
"96","LOC101850949",296.109316882964,1.31953261747731,0.328363141048415,4.01851624778663,5.85657713588934e-05,0.00675861076898404,144.20126422412,216.202932353267,168.363903592682,322.539406891767,617.960699137448,815.812170788252,121.036044005252,136.729374138001,230.079214882396,262.258781673371,321.929010067256,196.199000841752
"97","LOC101852216",25.4502759564722,-3.9261556203291,0.976437990932777,-4.0208960085407,5.79771965344969e-05,0.00675861076898404,111.26640758034,81.6766633334563,85.6417544286474,2.82929304291024,3.49130338495733,3.46172066812554,4.20264041684903,1.84769424510812,1.94982385493556,2.30051562871378,3.63761593296335,3.09787896065925
"98","LOC101861345",325.24221134355,-0.559753759479544,0.140046797169638,-3.99690511166432,6.41760102474464e-05,0.0073304720276522,377.415654512512,334.393868706386,321.156579107428,239.5468109664,255.737972948124,233.089191653786,487.506288354487,408.340428168896,396.789154479387,251.906461344159,326.476029983461,270.548095897574
"99","LOC101847759",465.225269768176,-0.511301466348064,0.129498280364931,-3.94832630137789,7.86994874123724e-05,0.00889860668781916,550.991250337843,419.914139726122,492.440087964723,359.3202164496,394.517282500178,330.017370361301,660.655073528668,568.165980370748,588.846804190539,392.2379146957,422.872852206989,402.724264885702
"100","LOC101845568",609.713606004426,-0.326176425888494,0.0827764251811166,-3.94045074035044,8.13286504829998e-05,0.009103929135067,701.423433386462,666.865933569631,676.375219635341,483.809110337651,523.6955077436,575.799537798214,632.077118694094,739.07769804325,653.190991403413,548.672977448237,553.82702579367,561.748718199543
"101","LOC101846552",615.646692605034,-0.563626025413609,0.144046360408741,-3.91280990241117,9.12283493224217e-05,0.0101109915080712,832.272728700941,687.044873922603,873.935175874152,449.857593822728,542.897676360865,631.187068488223,651.4092646116,714.13382573429,647.341519838606,396.838945953128,438.332719922084,522.508918031193
"102","LOC101849096",12.5244371722007,1.62384606899893,0.418565003460938,3.87955527951939,0.000104647617530674,0.0112556606446555,3.56052504257087,2.88270576471022,8.75881579383894,21.6912466623118,34.9130338495733,18.4625102300029,6.72422466695845,10.1623183480947,4.8745596373389,13.8030937722827,10.0034438156492,14.4567684830765
"103","LOC101851536",1078.00567384283,-0.320333338911449,0.0825526240320187,-3.88035320097403,0.000104304884430454,0.0112556606446555,1245.29363363916,1194.4010885116,1271.00149186152,1062.87108645328,878.062801316769,993.513831752029,1119.58340704858,1239.80283846755,1113.3494211682,912.154446785015,992.159745715754,913.874293394478
"104","LOC101853857",32.5415005954534,1.04911420039351,0.270571516931099,3.87740074155944,0.000105578378389211,0.0112556606446555,14.2421001702835,11.5308230588409,21.4104386071619,32.0653211529827,52.36955077436,38.0789273493809,22.6942582509848,36.0300377796084,21.4480624042912,40.2590235024912,51.8360270447277,48.5334370503282
"105","LOC101854795",41.3731373623722,-1.35473908750141,0.34900254587357,-3.8817455732606,0.000103709351228456,0.0112556606446555,40.946037989565,29.7879595686723,42.8208772143237,27.3498327481323,21.8206461559833,16.1546964512525,76.4880555866524,121.947820177136,44.8459486635179,32.207218801993,24.5539075475026,17.5546474437357
"106","LOC101847406",38.8533155844305,-1.11212410160599,0.28710188260765,-3.87362176626966,0.000107229791602552,0.0113007748927358,36.4953816863514,45.1623903137935,42.8208772143237,15.0895628955213,17.4565169247867,16.1546964512525,63.8801343361053,73.907769804325,56.5448917931313,26.4559297302085,38.1949672961152,34.0766685672517
"107","LOC101857237",536.835037672838,-0.468094614070019,0.120968309701904,-3.86956398104198,0.000109030166912226,0.0113007748927358,693.412252040677,557.323114510643,688.053640693793,451.743789184668,370.950984651716,403.867411281313,611.904444693219,596.805241169924,591.771539972943,432.496938198191,535.638946128853,508.052149548116
"108","LOC101864062",368.340163363066,-0.541949739968804,0.139978706108436,-3.87165844745684,0.00010809735367967,0.0113007748927358,543.870200252701,436.249472392813,473.949254622174,248.034690095131,282.795574181544,317.324394578174,426.988266351861,387.091944350152,351.943205815869,274.911617631297,346.482917614759,330.44042247032
"109","LOC101860893",34.4622032399921,-0.879250719207736,0.228181858616639,-3.85328932167626,0.000116541543904291,0.0119684958024278,36.4953816863514,53.8105076079241,37.9548684399688,30.1791257910425,31.421730464616,20.7703240087532,36.9832356682715,51.7354388630275,51.6703321557924,19.5543828440672,18.1880796648167,24.783031685274
"110","LOC101862492",400.086348986276,-0.511533998112809,0.133051225441105,-3.84463950945901,0.000120729785871789,0.0122859020277164,599.058338412549,477.568255020327,469.083245847819,312.165332401096,295.015136028894,407.329131949438,399.250839600658,456.380478541707,419.212128811146,314.020383319431,317.381990151052,334.570927751199
"111","LOC101860474",196.036773944506,-1.96306489944258,0.510982759695245,-3.84174389878313,0.000122163263686716,0.0123169615343999,121.947982708052,144.135288235511,160.578289553714,16.0326605764913,45.3869440044453,43.8484617962568,584.167017942015,323.346492893922,538.151383962215,93.1708829629082,184.60900859789,97.0668741006564
"112","LOC101861684",899.856550265425,-0.482955539582612,0.125782820300797,-3.83959859087013,0.000123235634433874,0.0123169615343999,1256.86534002752,1076.21015215848,1181.46693041339,769.567707671585,679.93133422044,814.658263898876,1011.99581237725,783.422359925845,983.68613481499,778.724540319616,712.063318877576,749.686708479538
"113","LOC101861561",564.031924130671,-0.342127002324111,0.0892418677268511,-3.83370508751882,0.000126227465904077,0.0124093441285466,595.497813369978,627.468954785258,740.606535456826,496.069380190262,470.453131123,512.33465888258,605.18022002626,606.967559518019,607.370130812427,504.963180502675,473.799475268476,527.672049632292
"114","LOC101863898",583.1455844855,-0.443212133110852,0.115618129411079,-3.8334138025622,0.000126377097610713,0.0124093441285466,764.622752892095,571.736643334194,653.018377518437,447.971398460788,575.19223267172,485.79480042695,660.655073528668,753.859252004115,628.818193216718,491.160086730393,530.182522229408,434.735680812514
"115","LOC101845269",11.6638767405477,2.97309265415074,0.776534630761874,3.82866717899468,0.000128839099221709,0.0125410858842418,0.890131260642718,1.92180384314015,0,8.48787912873071,6.10978092367533,2.30781377875036,0.840528083369806,8.31462410298656,3.89964770987112,28.7564453589223,53.6548350112094,24.783031685274
"116","LOC101847985",203.67586391195,0.562968390117713,0.147244120986373,3.82336752290309,0.000131641334555015,0.0127033887845589,205.620321208468,137.408974784521,149.873070250133,219.741759666028,192.894512018893,279.245467228793,147.932942673086,178.302494652934,166.70993959699,232.352078500092,265.545963106325,268.482843257135
"117","LOC101858836",11.0409105160294,1.39362189896578,0.364822416833531,3.8200007309356,0.000133451278584246,0.0127679795937782,8.01118134578446,5.76541152942044,3.89280701948397,20.7481489813417,20.0749944635047,11.5390688937518,8.40528083369806,4.61923561277031,5.84947156480668,16.1036094009965,18.1880796648167,9.29363688197774
"118","LOC101856060",440.331862332902,-0.577121104219802,0.151456335864772,-3.81047845192218,0.000138698101757908,0.0131204666858773,580.365581939052,444.897589686944,517.743333591369,327.254895296618,263.593405564278,308.093139463173,614.426028943328,467.466644012356,538.151383962215,374.984047480347,440.151527888565,406.854770166581
"119","LOC101861202",801.200247107487,-3.73369290879676,0.980206235242818,-3.80908912283326,0.000139479679794479,0.0131204666858773,238.555177852248,191.219482392445,91.4809649578734,38.6670049197733,67.2075901604286,42.6945549068816,490.868400687967,7141.3382573429,788.703749321434,110.424750178262,90.0309943408429,323.212038228781
"120","LOC101863518",36.7054544217977,-0.817671105231835,0.215427180403076,-3.79558003638132,0.000147298664066049,0.0137405103796279,40.946037989565,51.888703764784,35.0352631753558,25.4636373861921,24.4391236947013,25.3859515662539,55.4748535024072,38.8015791472706,58.4947156480668,28.7564453589223,22.7350995810209,33.044042247032
"121","LOC101849861",30.1054202164109,-0.866330763991237,0.229077915042093,-3.7818170461,0.000155687771488938,0.0144030488764229,48.9572193353495,33.6315672549526,31.1424561558718,19.8050513003717,29.6760787721373,17.3086033406277,42.8669322518601,38.8015791472706,38.0215651712434,24.1554141014947,17.2786756815759,19.6199000841752
"122","LOC101863365",172.682199739783,-0.593749171191451,0.157225510768997,-3.77641750557779,0.000159100220538993,0.0145980972845368,276.830822059885,196.023992000295,205.34557027778,161.269703445884,144.01626462949,107.313340711892,208.450964675712,169.064023427393,191.082737783685,133.429906465399,125.497749687236,153.861321712743
"123","LOC101861149",70.8591087883779,0.895167463207503,0.238129718225349,3.75915895705373,0.000170485499509687,0.0155155665163531,41.8361692502077,52.849605686354,55.4725000276466,102.797647225739,116.085837549831,71.5422271412611,47.9101007520789,24.9438723089597,75.0682184150191,87.4195938911238,100.034438156492,74.3490950558219
"124","LOC101856043",1245.76539201524,0.596514653100868,0.15906510413631,3.75012895719534,0.000176743652886435,0.015955390729119,834.94312248287,1086.78007329575,838.899912698797,1636.27447648309,2026.70161496773,1509.31021130273,1144.79924954968,973.734867171982,1072.40312021456,1175.56348627274,1211.3261056768,1438.44846406611
"125","LOC101847057",414.265644464386,0.345186513966159,0.0921649458226315,3.74531239491487,0.000180169442048221,0.0160263950313149,390.767623422153,407.422414745711,374.682675625333,426.280151798476,463.470524353086,466.178383307572,332.849121014443,345.518823835219,338.29443883132,472.755961700682,458.339607553382,494.62800738526
"126","LOC101862567",269.105067003543,-0.487130305710189,0.130074838694989,-3.74500026751873,0.000180393583522036,0.0160263950313149,350.711716693231,294.996889922013,361.057851057139,206.538392132447,193.767337865132,193.85635741503,302.59011001313,297.478773462408,277.849899328317,245.004914458018,271.00238700577,234.406174689883
"127","LOC101851122",345.682781328606,-0.451895485402669,0.120815097568863,-3.74038919386789,0.00018373553279852,0.0161947681428869,433.493923933004,384.360768628029,474.922456377045,308.392941677216,302.870568645048,264.244677666916,403.453480017507,367.691154776517,332.444967266513,294.466000475364,255.542519290675,326.309917189441
"128","LOC101852324",258.773830620311,-0.504415931249488,0.13501742725679,-3.73593203113061,0.000187021183415296,0.0163555869308658,355.162372996445,299.801399529863,302.665745764879,198.993610684687,205.114073866243,186.932916078779,325.284368264115,232.809474883624,306.122345224883,201.295117512456,254.633115307434,236.471427330323
"129","LOC101859369",115.371729734894,0.724631433636688,0.194276175017125,3.72990374950924,0.000191552930441679,0.0165912499995836,94.3539136281281,84.5593690981665,134.301842172197,168.814484893644,145.761916321969,139.622733614397,74.8069994199127,72.0600755592169,62.3943633579379,113.875523621332,140.048213419089,153.861321712743
"130","LOC101859753",48.6703931152704,-0.690941129128033,0.185338223418202,-3.7280012529794,0.000193004418795733,0.0165912499995836,50.7374818566349,56.6932133726343,58.3921052922596,33.0084188339528,46.2597698506846,43.8484617962568,60.518022002626,72.9839226817709,61.4194514304702,31.0569609876361,30.9197354301885,38.2071738481307
"131","LOC101864330",131.644766451321,-0.602602356642542,0.161707627177748,-3.72649309843726,0.000194162386094823,0.0165912499995836,194.048614820113,147.978895921791,147.926666740391,107.513135630589,136.160832013336,111.928968269392,175.670369424289,128.414750035015,158.910644177248,85.11907826241,90.0309943408429,96.0342477804366
"132","LOC101863101",14.5060008344466,1.3121013760154,0.352299205893023,3.72439492927446,0.000195784231882495,0.0166030961491867,12.4618376489981,5.76541152942044,3.89280701948397,17.9188559384315,33.1673821570946,17.3086033406277,13.4484493339169,6.46692985787844,7.79929541974224,18.4041250297103,20.9162916145393,16.522021123516
"133","LOC101853451",132.3734428665,0.542055185149408,0.145860486188423,3.71625790722498,0.00020219519359949,0.0170178420838548,117.497326404839,120.112740196259,128.462631642971,182.017852427225,140.524961244533,168.470405848776,93.2986172540485,103.470877726055,83.8424257622291,151.83403149511,140.95761740233,157.991826993622
"134","LOC101855863",218.913590758373,-0.563010612512088,0.152386869946102,-3.69461366790472,0.000220221362822314,0.0183967010106939,288.402528448241,216.202932353267,250.112851001845,157.497312722003,127.432573550943,161.546964512525,287.460604512474,251.286417334705,272.000427763511,211.647437841668,200.978280296225,202.394758763071
"135","LOC101864417",235.731026609779,-0.862026138820878,0.233517302172562,-3.69148722942965,0.000222946592622314,0.018486401168994,351.601847953874,298.840497608293,435.994386182205,203.709099089537,188.530382787696,218.088402091909,314.357503180307,175.530953285272,248.602541504284,116.176039250046,132.772981553162,144.567684830765
"136","LOC101855088",608.016767405332,0.517993091401167,0.140446477733621,3.68818855239376,0.000225856261552524,0.0185899631751394,448.62615536393,453.545706981075,540.126973953401,745.047167966363,706.11610960762,540.028424227584,585.007546025385,399.101956943355,574.223125278523,751.11835277505,791.181465419529,762.078224322175
"137","LOC101852141",587.256592758142,-0.765525715581373,0.20813274072107,-3.67806483943483,0.000235010224966547,0.019202222323179,469.099174358712,733.168166157966,790.239824955247,374.409779345122,629.307435138559,403.867411281313,1086.80281179716,631.911431826979,726.309385963496,387.636883438272,376.493249061707,437.833559773174
"138","LOC101846196",139.577377341481,-0.939193458506044,0.256865369227044,-3.65636466033648,0.000255817374589379,0.0206015805118957,161.113758176332,122.995445960969,139.167850946552,59.415153901115,92.5195397013693,72.6961340306363,204.248324258863,166.292482059731,307.097257152351,111.575007992618,127.316557653717,110.491016263513
"139","LOC101856763",252.413209498363,-0.582017925758071,0.15913780383478,-3.65732033327753,0.000254865787114107,0.0206015805118957,292.853184751454,270.974341882761,352.2990352633,166.928289531704,151.871697245644,176.547754074402,320.241199763896,310.412633178165,268.10078005364,262.258781673371,228.26039979345,228.210416768564
"140","LOC101855304",409.730466318829,-0.466730454674675,0.128084265165663,-3.64393279745184,0.000268503554140963,0.0214687770360996,575.914925635839,515.043429961559,515.796930081627,305.563648634306,355.240119419408,385.40490105131,384.121334100001,435.131994722963,426.03651230342,351.978891193209,316.472586167811,350.060322554495
"141","LOC101847774",135.335474041935,0.690863483738456,0.189977614431894,3.63655205274791,0.000276311827194648,0.0219364155575666,101.47496371327,136.44807286295,122.623421113745,232.94512719961,170.20104001667,168.470405848776,99.1823138376371,85.9177823975278,76.0431303424869,135.730422094113,147.323445285016,147.665563791424
"142","LOC101852576",28.2467681820759,-0.961739787470354,0.264663664757121,-3.63381875012172,0.000279257071908731,0.022014110302439,43.6164317714932,30.7488614902424,33.0888596656138,21.6912466623118,20.947820309744,24.2320446768788,33.6211233347922,56.3546744757978,26.3226220416301,14.9533515866396,12.7316557653717,20.652526404395
"143","LOC101857391",5312.50027441385,-0.304658575392322,0.0838920225980822,-3.6315559686993,0.000281717542372692,0.022034218052522,6361.76811981351,5349.3409973806,6062.07373109142,4874.87191293434,4086.57061209256,5109.49970615329,5907.231369923,5577.26507885887,5968.41081995775,5019.72510185348,4822.56932312616,4610.67651978118
"144","LOC101861453",153.695853351098,-0.632058199487811,0.174121926885473,-3.62997475845499,0.000283448936891475,0.022034218052522,189.597958516899,172.962345882613,233.568421169038,101.854549544769,118.704315088549,95.7742718181399,142.049246089497,160.749399324407,222.279919462654,155.28480493818,132.772981553162,118.752026825271
"145","LOC106011447",19.0171985901532,-0.940931005855825,0.25939613914804,-3.62739017221388,0.000286300492091086,0.0221023979894319,21.3631502554252,27.8661557255321,26.2764473815168,9.43097680970079,11.3467360011113,15.0007895618773,26.056370584464,25.8677194315137,22.4229743317589,11.5025781435689,14.5504637318534,16.522021123516
"146","LOC101856299",26.1150325182886,-0.91695625028569,0.2531628505218,-3.62200160250893,0.000292332310122225,0.0224134786267684,40.946037989565,37.4751749412329,18.4908333425489,18.8619536194016,16.5836910785473,15.0007895618773,40.3453480017507,30.4869550442841,37.0466532437757,20.704640658424,20.9162916145393,16.522021123516
"147","LOC101862738",426.199003272744,-0.592362616092447,0.163650834649254,-3.61967366290574,0.000294974789581732,0.0224622298950878,466.428780576784,486.216372314457,388.307500193526,308.392941677216,312.471652953681,283.861094786294,487.506288354487,579.252145841397,667.81467031543,309.419352062004,406.503580508654,418.213659688998
"148","LOC101863723",29.4055795864498,1.21173465150907,0.335140479920625,3.61560218507792,0.000299650243424698,0.0226640866547032,9.7914438670699,19.2180384314015,7.78561403896795,28.2929304291024,23.566297848462,32.309392902505,21.0132020842452,23.0961780638516,25.3477101141623,54.0621172747739,53.6548350112094,54.7291949716467
"149","LOC101853566",62.354731119718,1.23298762325693,0.341481890148899,3.6106969617607,0.000305375295882922,0.0229420876651908,24.9236752979961,19.2180384314015,37.9548684399688,54.6996654962646,137.033657859575,136.161012946271,56.315381585777,34.1823435345003,50.6954202283246,49.4610860173463,91.8498023073246,55.7618212918664
"150","LOC101853886",106.187587423016,0.663590375989949,0.184114346440668,3.60422959328591,0.000313080211468148,0.023364132581163,88.1229948036291,105.699211372708,110.945000055293,136.749163740662,113.467360011113,137.314919835646,60.518022002626,63.7454514562303,64.3441872128735,132.279648651043,130.954173586681,130.110916347688
"151","LOC101856525",737.260593627003,-0.61315523741515,0.170715284841096,-3.5916832988088,0.00032854896886209,0.0243561401155115,988.93583057406,979.159058079905,945.952105734606,691.290600151068,591.775923750268,777.733243438871,894.321880705474,724.296144082385,816.976195218,391.087656881343,491.078150950052,554.520333958005
"152","LOC101852947",10.6266137465738,-2.22843061946769,0.620863065972374,-3.58924655306658,0.00033163507798226,0.0244231780456146,5.34078756385631,33.6315672549526,32.1156579107428,3.77239072388032,0,5.7695344468759,12.6079212505471,3.69538849021625,17.54841469442,3.45077344307068,5.45642389944502,4.130505280879
"153","LOC101850417",512.190362050454,-0.475914740167845,0.132719721907039,-3.58586300008366,0.000335965310704743,0.0245803639740451,673.829364306538,550.596801059652,576.135438883628,394.214830645493,392.7716308077,438.484617962568,727.897320198252,488.715127831099,557.64962251157,383.035852180845,445.60795178801,517.345786430094
"154","LOC101860439",52.918154682089,0.683315379794554,0.191118694495132,3.57534558092097,0.000349765574603839,0.0254238691046453,29.3743316012097,45.1623903137935,45.7404824789367,70.732326072756,61.9706350829926,65.7726926943852,36.1427075849017,50.8115917404734,37.0466532437757,58.6631485322015,80.9369545084345,52.6639423312072
"155","LOC101849241",214.913229585862,-0.613053028028245,0.171762511855405,-3.56918993211005,0.000358086755663284,0.0258607944702891,222.53281516068,228.694657333678,308.504956294105,203.709099089537,174.565169247867,176.547754074402,325.284368264115,186.617118755921,287.599018602995,166.787383081749,131.863577569921,166.25283755538
"156","LOC101861086",261.086504142733,-0.483883603198791,0.135787438181216,-3.56353731744333,0.000365890650811582,0.0262549996486208,337.35974778359,312.293124510274,377.602280889946,223.514150389909,213.842332328637,256.16732944129,259.72317776127,251.286417334705,288.573930530463,196.694086255028,214.619340044838,201.362132442851
"157","LOC101848084",167.685607312857,-0.483515336250108,0.135839298959326,-3.5594657801855,0.000371609948342801,0.0264143775148425,188.707827256256,174.884149725753,220.916798355716,171.643777936554,145.761916321969,125.775850941895,176.510897507659,182.921730265704,230.079214882396,141.481711165898,125.497749687236,128.045663707249
"158","LOC101850715",467.322441834426,-0.451900400591911,0.126988110399258,-3.55860402340903,0.000372831128045838,0.0264143775148425,634.663588838258,449.702099294794,586.840658187209,413.076784264895,336.037950802143,393.482249276936,478.26047943742,555.232120654991,535.226648179811,354.279406821923,468.343051369031,402.724264885702
"159","LOC101852808",137.235106616657,-0.544728402430731,0.153437437824363,-3.55016617948399,0.00038498804774157,0.027104127084397,191.378221038184,158.548817059062,203.399166768038,116.00101475932,100.374972317523,111.928968269392,152.135583089935,121.023973054582,150.136436830038,126.528359579258,110.037881972141,105.327884662414
"160","LOC101852667",433.812861542873,-0.424523274154984,0.119866822494049,-3.54162449059715,0.000397671155316507,0.0278220682038311,583.926106981623,440.093080079094,573.215833619015,383.840756154822,311.598827107442,406.175225060063,463.130973936763,464.695102644693,457.233693982389,354.279406821923,371.036825162262,396.528506964384
"161","LOC101850772",101.147868945466,0.556169173736266,0.157369905763055,3.53415204158326,0.000409085682067978,0.0284428889755835,57.8585319417767,96.0901921570074,93.4273684676154,120.71650316417,143.143438783251,121.160223384394,73.9664713365429,81.2985467847575,89.6918973270358,108.124234549548,113.675497905105,114.621521544392
"162","LOC101854635",179.376310514062,0.509251013559248,0.144395883162409,3.52676961701513,0.000420662622695431,0.0290672678916831,97.0243074100563,157.587915137492,158.631886043972,221.627955027969,225.189068329748,203.087612530032,155.497695423414,172.75941191761,147.211701047635,204.745890955527,196.431260380021,212.721021965268
"163","LOC101850648",14.3735142561301,-1.60938774702637,0.456750783811313,-3.52355771258231,0.000425794355848665,0.0292413620820243,30.2644628618524,28.8270576471022,36.0084649302268,3.77239072388032,5.236955077436,4.61562755750072,7.56475275032825,13.8577068383109,13.6487669845489,5.75128907178446,13.6410597486126,9.29363688197774
"164","LOC101862091",73.0453732793786,0.597607519405791,0.170029676854424,3.51472478488241,0.000440209940561646,0.030047012650287,64.9795820269184,72.0676441177555,53.5260965179047,85.8218889682772,71.5717193916253,83.0812960350129,63.8801343361053,45.2685090051491,48.745596373389,90.8703673341944,102.762650106215,93.9689951399971
"165","LOC100533261",5679.20800343934,0.478742076969241,0.136843310369144,3.49846898381662,0.000467937512007494,0.0317460152085569,5927.38406461986,5002.4554036938,5045.07789725123,7519.31781037444,7021.01110714919,7663.09565234057,4009.31895767397,4140.68280328731,4348.1071965063,5816.8537672028,6013.88854117166,5643.30284000093
"166","LOC101849742",38.8479634328899,-0.663088543952213,0.189767151245555,-3.49422194304951,0.00047544558629106,0.0318690891792942,52.5177443779204,50.9278018432139,38.9280701948397,30.1791257910425,30.5489046183766,25.3859515662539,43.7074603352299,45.2685090051491,54.5950679381957,29.9067031732792,29.1009274637068,35.1092948874715
"167","LOC101852090",377.627623576985,0.309144555489569,0.0884610689385036,3.49469613242499,0.000474601758177952,0.0318690891792942,347.15119165066,310.371320667134,318.236973842815,405.532002817134,425.939012964794,390.020528608811,348.81915459847,372.310390389287,326.595495701706,430.196422569477,409.231792458377,447.127196655151
"168","LOC101863201",97.6730141897383,0.639594106633348,0.183261549033971,3.49006166326132,0.000482909106209733,0.032176693660189,74.7710258939883,89.3638787060168,83.6953509189055,144.293945188422,96.8836689325659,161.546964512525,74.8069994199127,77.6031582945412,57.519803720599,108.124234549548,106.400266039178,97.0668741006564
"169","LOC101847071",450.097323943475,-0.429918458221165,0.12363806300634,-3.47723385313082,0.000506615739735193,0.0332384315206032,509.155081087635,472.763745412476,625.768728382049,389.499342240643,299.379265260091,408.483038838813,487.506288354487,546.917496552005,457.233693982389,381.885594366488,414.688216357822,407.887396486801
"170","LOC101852314",211.21497294673,-1.11133299082595,0.31938887667703,-3.47956072355564,0.000502236536570696,0.0332384315206032,268.819640714101,455.467510824215,429.181973898108,139.578456783572,222.57059079103,153.469616286899,225.261526343108,151.510928098866,202.781680913298,121.927328321831,92.7592062905654,71.2512160951627
"171","LOC101855544",1034.85548740384,-0.999696180410692,0.28754719748217,-3.47663336371999,0.000507751633913092,0.0332384315206032,1472.27710510306,1166.53493278607,1220.39500060823,863.877475768593,893.773666549077,747.731664315116,619.469197443547,2596.93426149947,1203.04131849524,544.07194619081,535.638946128853,554.520333958005
"172","LOC101846662",132.656930323068,-0.904329425183543,0.260394184970765,-3.4729248093043,0.000514819563397734,0.0334222352243234,122.838113968695,139.330778627661,232.595219414168,105.626940268649,115.213011703592,73.8500409200115,120.195515921882,299.326467707516,123.813814788408,89.7201095198375,83.665166458157,85.7079845782392
"173","LOC101847744",63.4814465633263,-0.717953805984315,0.206874114696083,-3.47048642136332,0.000519516609704509,0.0334222352243234,78.3315509365592,56.6932133726343,82.7221491640345,51.8703724533544,34.040208003334,45.002368685632,101.703898087747,62.8216043336762,90.6668092545036,64.4144376039859,49.1078150950052,44.4029317694492
"174","LOC101848409",435.961921745596,-0.387298388387784,0.111590582719292,-3.47070853964477,0.000519087097329972,0.0334222352243234,501.14389974185,447.780295451654,471.029649357561,358.37711876863,298.506439413852,376.173645936308,533.735332939827,495.182057688977,514.753497702988,389.937399066986,417.416428307544,427.507296570976
"175","LOC101849327",198.614458559662,-0.579832258741877,0.167379863522716,-3.46416974263564,0.000531870781327207,0.0340214944352957,308.875547443023,282.505164941602,232.595219414168,171.643777936554,199.004292942568,151.161802508148,194.161987258425,213.408685309988,196.932209348492,162.186351824322,134.591789519644,136.306674269007
"176","LOC101862200",20.0466692657605,0.984527400685458,0.285332347634439,3.45045841751813,0.000559635373359632,0.0355940816442484,13.3519689096408,12.491724980411,9.73201754870994,38.6670049197733,21.8206461559833,20.7703240087532,10.0863370004377,13.8577068383109,21.4480624042912,29.9067031732792,23.6445035642618,24.783031685274
"177","LOC101857045",170.912521011705,-1.88325389527495,0.546158369904865,-3.44818279650827,0.000564371941911233,0.0356925396483296,55.1881381598485,95.1292902354373,167.390701837811,49.9841770914142,74.1901969303433,86.5430167031384,965.766767791907,97.0039478681766,233.003950664799,54.0621172747739,97.3062262067696,75.3817213760417
"178","LOC101851186",321.154692850671,-0.447910410786888,0.130233550109984,-3.43928588607636,0.000583250951640823,0.0366792761385807,455.747205449072,349.768299451507,349.379429998687,245.205397052221,281.922748335304,345.018159923179,349.659682681839,376.929626002057,341.219174613723,258.808008230301,263.727155139843,236.471427330323
"179","LOC101857241",67.5911776472344,-0.807793961612647,0.235128177916991,-3.43554723542249,0.000591358363421647,0.0369813716209046,87.2328635429864,95.1292902354373,89.5345614481314,36.7808095578331,56.7336800055566,31.1554860131298,115.992875505033,54.5069802306897,74.0933064875513,60.9636641609153,64.5676828100995,44.4029317694492
"180","LOC101849489",32.2606574670466,-0.843829781954842,0.245872789019583,-3.43197710214137,0.000599198147319226,0.0372634670060634,44.5065630321359,27.8661557255321,34.0620614204848,20.7481489813417,20.0749944635047,17.3086033406277,42.8669322518601,47.1162032502572,52.6452440832601,18.4041250297103,33.647947379911,27.8809106459332
"181","LOC101849131",502.461506961224,-0.362284354864996,0.105734010151366,-3.42637486600915,0.000611695537772022,0.0376226365374726,579.47545067841,537.144174157671,560.564210805692,393.271732964523,404.118366808811,431.561176626317,669.900882445735,530.288248346032,512.803673848052,449.750805413545,470.161859335513,490.497502104381
"182","LOC101857202",308.229903494014,-0.664138570690579,0.193746896190392,-3.42786689102849,0.000608343660945588,0.0376226365374726,287.512397187598,293.075086078872,343.540219469461,237.66061560446,328.182518185989,243.474353658163,480.782063687529,373.234237511841,490.380699516293,188.64228155453,239.17324759234,193.101121881093
"183","LOC101854153",1844.07036359148,-0.423925003909922,0.124073710149862,-3.41671900838532,0.000633806611077319,0.0385932166087467,1842.57170953043,1944.86548925783,2095.30337823725,1361.83305132079,1876.57556941457,1578.54462466525,2466.10939660701,2426.94639094952,1903.02808241711,1394.11247100055,1542.34915557646,1696.60504412105
"184","LOC101864220",67.6895470918897,-0.765606512135811,0.224092423763993,-3.41647655586126,0.000634371257460193,0.0385932166087467,86.3427322823436,63.4195268236249,94.4005702224864,41.4962979626835,36.658685542052,32.309392902505,78.169111753392,106.242419093717,82.8675138347613,55.2123750891308,61.8394708603769,73.3164687356022
"185","LOC101855001",42.4497656889048,-0.7146780519518,0.20974640398359,-3.40734352712772,0.000655985083783025,0.0396924163668496,45.3966942927786,47.0841941569336,62.2849123117436,25.4636373861921,41.0228147732486,34.6172066812554,38.6642918350111,60.9739100885681,62.3943633579379,33.3574766163499,28.191523480466,29.9461632863727
"186","LOC101854762",560.08764969473,-0.470524226317964,0.138490150094026,-3.39752845959448,0.000679975147762719,0.0409228053981499,726.347108684458,765.838831491349,762.016974063988,510.215845404813,486.163996355308,463.870569528822,595.934411109192,473.00972674768,581.047508770797,468.154930443255,461.977223486345,426.474670250756
"187","LOC101845015",85.803541926627,-1.24422842482395,0.366461628503234,-3.39524885567376,0.000685662472449872,0.0410444155968121,60.5289257237048,74.9503498824657,55.4725000276466,41.4962979626835,27.0576012334193,58.8492513581341,198.364627675274,215.256379555097,118.939255151069,52.911859460417,54.5642389944502,71.2512160951627
"188","LOC101850321",127.646279481358,-0.681890187958299,0.201115867566783,-3.39053400513944,0.000697565999523934,0.0415348606312283,148.651920527334,112.425524823699,133.328640417326,82.992595925367,86.4097587776939,81.9273891456377,147.092414589716,238.352557618948,163.785203814587,102.372945477763,121.860133754272,112.556268903953
"189","LOC101860479",133.765010527462,0.436054524615972,0.128757566158973,3.38663223936361,0.000707561669542918,0.0419071181421345,108.596013798412,111.464622902129,108.998596545551,127.318186930961,151.871697245644,135.007106056896,122.717100171992,120.100125932028,110.165047803859,163.336609638679,170.058544866037,175.546474437357
"190","LOC101853149",101.864002956491,0.46529563709872,0.137977366157666,3.37226061096882,0.000745538663198101,0.0439239989254713,80.1118134578446,73.0285460393256,97.3201754870994,112.228624035439,129.178225243421,118.852409605643,94.1391453374183,92.3847122554062,76.0431303424869,125.378101764901,101.853246122974,121.84990578593
"191","LOC101845803",139.767155136836,-0.927388857222548,0.275958675727424,-3.36060772424697,0.000777711960169126,0.0452227056464734,160.223626915689,146.057092078651,257.898465040813,66.9599353488756,60.224983390514,58.8492513581341,124.398156338731,211.56099106488,198.882033203427,146.082742423325,127.316557653717,118.752026825271
"192","LOC101847940",639.585201853763,-0.40517200979293,0.120582313566996,-3.36012801386344,0.000779063649535351,0.0452227056464734,794.887215753947,694.732089295163,876.854781138765,497.955575552202,648.509603755824,581.56907224509,710.246230447486,693.809189038101,602.495571175088,541.771430562096,513.813250531073,518.378412750314
"193","LOC118477415",18.7262130586601,-1.17561455387138,0.349895510310631,-3.35990179704703,0.00077970182149092,0.0452227056464734,24.9236752979961,10.5699211372708,20.4372368522909,12.260269852611,11.3467360011113,5.7695344468759,38.6642918350111,36.0300377796084,25.3477101141623,9.20206251485513,13.6410597486126,16.522021123516
"194","LOC101850832",36.9867511249855,0.894216188765551,0.266657995363836,3.35341975231403,0.000798195558388393,0.0457151677867927,27.5940690799243,21.1398422745416,25.3032456266458,63.1875446249953,27.0576012334193,30.0015791237547,35.3021795015319,22.1723309412975,23.3978862592267,60.9636641609153,50.9266230614869,56.7944476120862
"195","LOC101853416",490.262912091646,-0.395732158695744,0.118122979763324,-3.35017080917403,0.00080761741707018,0.0457151677867927,626.652407492474,466.037431961486,622.849123117436,421.564663393625,416.337928656162,484.640893537575,486.665760271118,613.434489375897,526.452440832601,384.186109995202,396.500136693005,437.833559773174
"196","LOC101853975",59.0416305865996,-0.597066807340954,0.178237948651285,-3.34982988672681,0.000808612044111573,0.0457151677867927,73.8808946333456,51.888703764784,71.0437281055825,42.4393956436536,49.751073235642,46.1562755750072,90.777033003939,73.907769804325,64.3441872128735,52.911859460417,41.8325832290785,49.5660633705479
"197","LOC101858827",358.495404389467,-0.319506811164856,0.0952465482787403,-3.35452378000949,0.00079501719573043,0.0457151677867927,465.538649316142,395.89159168687,412.637544065301,308.392941677216,308.980349568724,319.632208356925,374.875525182933,373.234237511841,365.591972800418,322.07218801993,324.657222016979,330.44042247032
"198","LOC101860800",49.4008175465224,-0.916697120619431,0.273503274955155,-3.35168608408707,0.0008032103867716,0.0457151677867927,45.3966942927786,52.849605686354,32.1156579107428,32.0653211529827,42.7684664657273,25.3859515662539,84.0528083369806,89.613170887744,83.8424257622291,33.3574766163499,37.2855633128743,34.0766685672517
"199","LOC101848584",77.7157989078737,-0.668196558705791,0.199660662627762,-3.34666102932627,0.000817911588945557,0.0460085544053094,113.046670101625,90.3247806275869,84.6685526737764,50.9272747723843,64.5891126217106,40.3867411281313,103.384954254486,66.5169928238925,115.039607441198,57.5128907178446,71.8429146760262,74.3490950558219
"200","LOC101849775",205.28239132107,-0.534625541445539,0.159912981634297,-3.3432278979587,0.000828098615225983,0.0460209510930527,245.67622793739,245.990891921939,259.844868550555,205.595294451477,167.582562477952,219.242308981284,262.244762011379,198.627131349123,244.702893794413,140.331453351541,145.504637318534,128.045663707249
"201","LOC101858224",103.566132059011,-1.10982500397953,0.332177017042552,-3.34106499558745,0.000834576833293701,0.0460209510930527,155.772970612476,151.822503608072,150.846272005004,39.6101026007433,116.958663396071,48.4640893537575,112.630763171554,66.5169928238925,212.530800187976,33.3574766163499,65.4770867933403,88.8058635388984
"202","LOC101860381",187.060301012667,-0.648925112107984,0.194189230840093,-3.34171523982372,0.000832624328793626,0.0460209510930527,208.290714990396,162.392424745342,182.961929915747,135.806066059691,131.796702782139,113.082875158768,268.128458594968,314.108021668381,234.953774519735,151.83403149511,193.703048430298,147.665563791424
"203","LOC101862183",10.7562887479965,-1.47623578745844,0.441701125865766,-3.34215989276665,0.000831291598811038,0.0460209510930527,9.7914438670699,14.4135288235511,26.2764473815168,4.7154884048504,6.98260676991466,3.46172066812554,24.3753144177244,10.1623183480947,9.7491192746778,11.5025781435689,4.54701991620419,3.09787896065925
"204","LOC101846389",4265.20528962733,-0.190011628408298,0.057045727040489,-3.33086522454933,0.000865765085638278,0.0471608841019408,4515.63588524051,4405.73531039879,4316.14978285286,3912.91227834486,3903.2771843823,3908.28263431373,4600.21020028295,4590.59635197114,4844.3373675874,4212.24411617494,3915.89355183505,4057.18881214339
"205","LOC101852207",58.4931094542422,-0.748343000161503,0.224715216432528,-3.33018391919266,0.000867886371579444,0.0471608841019408,113.936801362268,76.8721537256059,71.0437281055825,40.5532002817134,42.7684664657273,55.3875306900086,60.518022002626,58.2023687209059,59.4696275755346,31.0569609876361,51.8360270447277,40.2724264885702
"206","LOC101864428",817.55468505119,-0.354833437284313,0.106550723120373,-3.33018328635319,0.000867888344202233,0.0471608841019408,1022.76081847848,976.276352315195,1031.59386016325,778.998684481286,712.225890531295,762.732453876994,867.42498203764,824.995480440778,782.854277756628,634.942313525004,700.241067095445,715.610039912286
"207","LOC101851246",16.0841553904105,-0.960282900300195,0.288568585372765,-3.32774580801901,0.000875517124521967,0.0471821015591357,16.0223626915689,24.9834499608219,23.3568421169038,11.317172171641,11.3467360011113,13.8468826725022,21.0132020842452,20.3246366961894,21.4480624042912,11.5025781435689,5.45642389944502,12.391515842637
"208","LOC101861931",29.765936165327,-1.07021394537698,0.321682784113933,-3.32692328663113,0.000878105436253716,0.0471821015591357,27.5940690799243,45.1623903137935,41.8476754594527,26.4067350671622,27.0576012334193,15.0007895618773,39.5048199183809,60.0500629660141,28.2724458965656,10.352320329212,9.09403983240837,26.8482843257135
"209","LOC101863684",36.4880006725362,-1.24167835834849,0.373321425446914,-3.32603026162252,0.000880923639973142,0.0471821015591357,15.1322314309262,44.2014883922234,28.2228508912588,17.9188559384315,26.18477538718,13.8468826725022,88.2554487538296,64.6692985787844,67.2689229952768,26.4559297302085,20.9162916145393,24.783031685274
"210","LOC101853153",442.92770397566,-0.361190788225643,0.108908824188177,-3.3164510857409,0.000911685451455049,0.0485971759218468,557.222169162342,467.959235804626,485.627675680626,323.482504572737,344.766209264536,418.86820084319,494.230513021446,498.877446179194,483.556316024019,397.989203767485,450.154971704214,392.398001683505
"211","LOC101856549",70.0648910099239,-0.726373752427587,0.219319056644127,-3.31195001265312,0.000926480987939875,0.0491517923175306,113.046670101625,64.3804287451949,85.6417544286474,45.2686886865638,53.2423766205993,47.3101824643824,106.747066587965,50.8115917404734,103.340664311585,56.3626329034877,60.9300668771361,53.6965686514269
"212","LOC101864375",206.108177146888,-0.516195648726058,0.156000981032043,-3.30892565746129,0.000936547017057189,0.0494514495704631,310.655809964309,256.56081305921,244.273640472619,161.269703445884,229.553197560945,156.931336955024,205.088852342233,224.494850780637,215.455535970379,158.735578381251,156.417485117424,153.861321712743
